Id_Artista,Id_Pais,Nombre,Apellido,Fecha de nacimiento
2,51,"10,000 Maniacs",,14/5/1999
3,41,10CC,,14/1/2000
4,69,1910 Fruitgum Co,,9/9/1971
5,33,2 In A Room,,16/8/2000
6,1,2 Unlimited,,17/3/1960
7,36,20 Fingers,,4/10/1979
8,3,2Pac,,16/4/1977
9,69,2Pac & Dr Dre,,21/12/1995
10,30,2Pac & Elton John,,18/11/1985
11,39,3OH!3,,15/8/1970
12,28,3OH!3 & Ke$ha,,10/2/1963
13,61,3T,,7/9/1981
14,67,4 The Cause,,4/11/1981
15,67,4pm,,4/1/1969
16,10,50 Cent,,20/12/1970
17,7,50 Cent & Justin Timberlake,,3/11/1996
18,40,50 Cent & Olivia,,20/4/1992
19,37,5000 Volts,,19/10/1997
20,14,702,,21/6/1984
21,2,98 Degrees,,7/2/1998
22,13,A Flock of Seagulls,,5/10/1983
23,75,A R Rahman & The Pussycat Dolls,,20/7/1971
24,2,A Taste of Honey,,8/6/1999
25,19,Aaliyah,,3/9/1993
26,45,Aaron Neville,,9/11/1999
27,74,Abba,,9/12/1990
28,44,ABC,,11/12/1978
29,19,AC/DC,,2/8/1967
30,12,Ace,,18/10/1975
31,66,Ace of Base,,14/6/1997
32,80,Adam & The Ants,,8/1/1976
33,1,Adam Ant,,5/3/1998
34,79,Adam Clayton & Larry Mullen,,5/7/1979
35,75,Adam Lambert,,19/7/1986
36,63,Adamski,,10/9/1971
37,57,Adele,,2/4/1966
38,46,Adina Howard,,14/7/1978
39,41,Aerosmith,,1/10/1971
40,75,Afroman,,6/5/2000
41,27,A-Ha,,14/2/1975
42,45,Air Supply,,10/3/1989
43,34,Akon,,11/9/1975
44,26,Akon & Snoop Dogg,,16/2/1967
45,57,Al Dexter & his Troopers,,21/4/1995
46,12,Al Green,,26/6/1962
47,18,Al Hibbler,,8/9/1974
48,78,Al Hirt,,25/12/1960
49,40,Al Jolson,,15/7/1962
50,13,Al Martino,,12/7/1963
51,18,Al Stewart,,18/9/1998
52,63,Al Trace,,25/12/1991
53,80,Alain Barriere & Noelle Cordier,,13/8/1988
54,30,Alan O'Day,,5/3/1963
55,73,Alanis Morissette,,28/4/1991
56,29,Alannah Myles,,9/10/1971
57,48,Albert Hammond,,24/9/1960
58,44,Alcazar,,1/9/1978
59,50,Alex Clare,,12/7/1996
60,50,Alexandra Stan,,20/1/1967
61,59,Alice Cooper,,23/10/1991
62,75,Alicia Bridges,,14/10/1993
63,7,Alicia Keys,,23/9/1990
64,43,Alien Ant Farm,,14/7/1981
65,22,Alizee,,9/5/1965
66,21,All Saints,,24/10/1973
67,77,All-4-One,,26/6/1996
68,8,All-American Rejects,,11/1/1965
69,25,Allan Sherman,,15/5/1998
70,61,Alphaville,,23/3/1968
71,14,Alveno Rey,,20/1/1998
72,50,Alvin Stardust,,15/7/1961
73,15,America,,21/2/1988
74,53,American Breed,,24/4/1996
75,72,American Quartet,,20/4/1968
76,51,Amerie,,22/6/1973
77,73,Amii Stewart,,6/8/1983
78,45,Amy Grant,,16/8/1991
79,36,Amy Macdonald,,10/6/1965
80,28,Amy Winehouse,,4/10/1962
81,56,Anastacia,,9/7/1960
82,9,Andrea True Connection,,4/12/1986
83,60,Andru Donalds,,27/11/1977
84,26,Andy Gibb,,1/10/1999
85,77,Andy Kim,,10/12/1995
86,38,Andy Williams,,6/11/1970
87,54,Aneka,,6/11/1968
88,14,Animotion,,19/8/1972
89,69,Anita Baker,,16/8/1992
90,34,Anita O'Day,,25/6/1969
91,3,Anita Ward,,18/10/1986
92,38,Ann Lee,,11/8/1989
93,13,Anne Murray,,11/11/1976
94,50,Anne Shelton,,7/7/1997
95,55,Annie Lennox,,22/1/1975
96,11,Anton Karas,,11/3/1994
97,48,Aphrodite's Child,,27/8/1975
98,64,Aqua,,16/2/1965
99,14,Arcadia,,26/1/1965
100,14,Archie Bell & The Drells,,7/6/1979
101,29,Archie Bleyer,,12/4/1981
102,13,Archies,,10/8/1986
103,70,Arctic Monkeys,,22/11/1997
104,47,Aretha Franklin,,11/8/1995
105,6,Aretha Franklin & George Michael,,5/11/1967
106,79,Argent,,10/5/1992
107,80,Arrested Development,,14/11/1968
108,11,Art Garfunkel,,11/3/1960
109,9,Art Lund,,28/8/1972
110,64,Art Mooney,,27/7/1987
111,56,Art Tatum,,5/10/1996
112,45,Arthur Conley,,10/5/1972
113,11,Arthur Gibbs & his Gang,,6/2/1972
114,19,Arthur Godfrey,,12/4/1971
115,49,Artie Shaw,,14/9/1986
116,77,Ashanti,,5/1/1985
117,3,Ashford & Simpson,,12/1/1993
118,17,Ashlee Simpson,,23/11/1982
119,9,Asia,,25/10/1989
120,13,Association,,12/1/1962
121,12,ATB,,16/2/1981
122,16,ATC,,4/10/1968
123,16,Atlantic Starr,,21/1/1973
124,30,Atomic Kitten,,4/3/1997
125,22,Aventura,,24/3/1975
126,46,Average White Band,,4/3/1970
127,43,Avicii,,24/9/1961
128,6,Avril Lavigne,,27/9/1994
129,29,Az Yet,,12/2/1987
130,58,B J Thomas,,21/6/1961
131,76,B*Witched,,21/8/1969
132,58,B2K & P Diddy,,28/4/1995
133,23,Baby Bash,,13/6/1971
134,9,Babyface,,25/10/1976
135,33,Babylon Zoo,,2/1/1989
136,14,Baccara,,14/4/1965
137,58,Bachman-Turner Overdrive,,13/1/1966
138,3,Bad English,,8/7/1971
139,20,Badfinger,,5/3/1997
140,41,Baha Men,,5/9/1962
141,45,Baltimora,,10/10/1987
142,25,Bananarama,,26/12/1991
143,70,Band Aid,,5/12/1973
144,17,Band Aid 20,,13/4/1966
145,11,Barbara George,,25/7/1960
146,13,Barbra Streisand,,8/4/1985
147,48,Barbra Streisand & Barry Gibb,,27/12/1990
148,60,Barbra Streisand & Bryan Adams,,11/3/1986
149,14,Barbra Streisand & Donna Summer,,3/3/1975
150,17,Barbra Streisand & Neil Diamond,,9/8/1964
151,72,Barenaked Ladies,,11/2/1996
152,34,Barry Manilow,,6/5/1976
153,21,Barry McGuire,,23/6/1964
154,21,Barry Ryan,,20/2/1985
155,76,Barry White,,14/3/1974
156,17,Baz Luhrmann,,27/9/1969
157,38,BB King,,17/4/1980
158,10,Beats International,,15/3/1961
159,32,Beck,,8/7/1985
160,44,Bee Gees,,13/2/1987
161,74,Belinda Carlisle,,21/11/1979
162,45,Bell Biv Devoe,,7/7/1971
163,77,Bellamy Brothers,,24/2/1982
164,64,Bellini,,7/8/1981
165,19,Ben Bernie,,18/9/1989
166,43,Ben E King,,28/9/1985
167,8,Ben Selvin,,11/1/1973
168,17,Benny Goodman,,14/10/1999
169,32,Benny Mardones,,7/9/1991
170,73,Berlin,,13/4/1988
171,17,Bert Kaempfert & his Orchestra,,20/8/1994
172,18,Bertolt Brecht,,5/4/1971
173,3,Bessie Smith,,24/1/1985
174,47,Bette Midler,,22/5/2000
175,41,Betty Hutton,,15/5/1994
176,51,Beyonce,,17/1/1996
177,72,Beyonce & Jay-Z,,2/7/1987
178,62,Beyonce & Shakira,,28/7/1960
179,8,Big Bopper,,13/8/2000
180,27,Big Brother & the Holding Company,,12/8/1978
181,47,Big Brovaz,,10/2/1965
182,68,Big Mountain,,15/2/1973
183,44,Bill Conti,,18/4/1994
184,23,Bill Doggett,,4/9/1981
185,35,Bill Haley & his Comets,,17/1/1996
186,57,Bill Hayes,,19/8/1963
187,73,Bill Justis,,5/12/1979
188,2,Bill Medley & Jennifer Warnes,,3/1/2000
189,73,Bill Monroe,,14/5/1965
190,2,Bill Withers,,13/9/1965
191,47,Billie Holiday,,19/1/1995
192,73,Billie Myers,,7/3/1976
193,12,Billy Cotton & his Band,,26/9/1999
194,4,Billy Eckstine,,16/10/1987
195,66,Billy Idol,,26/7/1985
196,2,Billy J Kramer & The Dakotas,,4/3/1979
197,39,Billy Joel,,3/1/1971
198,42,Billy Jones,,11/3/1995
199,26,Billy Ocean,,11/12/1989
200,55,Billy Paul,,1/7/1977
201,51,Billy Preston,,22/9/1965
202,69,Billy Preston & Syreeta,,21/1/1982
203,52,Billy Ray Cyrus,,13/12/1990
204,15,Billy Swan,,28/2/1967
205,46,Billy Vaughn,,16/9/1964
206,61,Billy Vera,,5/11/1977
207,17,Billy Ward & The Dominoes,,24/9/1972
208,67,Billy Whitlock,,10/7/1982
209,23,Bimbo Jet,,14/10/1996
210,57,Bing Crosby,,22/11/1972
211,58,Bing Crosby & Carmen Cavallaro,,10/9/1960
212,15,Bing Crosby & Connee Boswell,,10/11/1998
213,11,Bing Crosby & Grace Kelly,,25/7/1972
214,40,Bing Crosby & Les Paul,,21/9/1961
215,66,Bing Crosby & The Andrews Sisters,,2/6/1996
216,22,Bing Crosby & The Jesters,,21/8/1981
217,12,Bing Crosby & The Mills Brothers,,11/11/1992
218,69,Bing Crosby & Trudy Erwin,,21/8/1988
219,39,Bix Beiderbecke,,20/8/1964
220,45,Bjork,,19/2/1991
221,14,Black,,14/5/1992
222,63,Black Box,,14/3/1986
223,64,Black Sabbath,,12/10/1982
224,28,BLACKstreet & Dr Dre,,9/1/1966
225,64,BLACKstreet & Mya,,20/5/1983
226,4,Blessid Union of Souls,,23/5/1999
227,45,Blind Lemon Jefferson,,12/4/1978
228,43,Blind Melon,,21/2/1979
229,48,Blind Willie Johnson,,15/10/1986
230,28,blink-182,,13/11/1968
231,69,Blondie,,28/10/1967
232,58,Blood Sweat & Tears,,14/10/1984
233,46,Bloodhound Gang,,20/7/1994
234,61,Blu Cantrell,,16/4/1969
235,42,Blue & Elton John,,15/3/1968
236,25,Blue Barron & Orchestra,,28/10/1976
237,46,Blue Cheer,,3/7/1973
238,15,Blue Diamonds,,19/11/2000
239,80,Blue Magic,,6/4/1962
240,11,Blue Swede,,8/8/1971
241,68,Blues Traveler,,26/3/1986
242,27,Blur,,7/8/1999
243,61,Bo Diddley,,12/7/1989
244,17,Bo Donaldson & the Heywoods,,19/3/1973
245,21,BoB & Bruno Mars,,10/9/1999
246,48,BoB & Hayley Williams,,4/9/1973
247,63,Bob Azzam,,9/5/1994
248,36,Bob Crosby & his Orchestra,,26/11/1962
249,26,Bob Dylan,,20/9/1963
250,20,Bob Hope & Shirley Ross,,27/5/1964
251,22,Bob Luman,,23/10/1988
252,2,Bob Marley,,3/2/1996
253,80,Bob Moore,,18/10/1994
254,35,Bob Seger & The Silver Bullet Band,,2/10/1995
255,5,"Bob Sinclar, Goleo VI & Gary 'Nesta' Pine",,8/2/1970
256,42,Bob Wills & his Texas Playboys,,8/7/1987
257,65,Bobbie Gentry,,6/10/1997
258,15,Bobby Bloom,,28/2/1989
259,46,Bobby 'Boris' Pickett & The Crypt-Kickers,,2/1/1960
260,50,Bobby Brown,,16/6/1980
261,51,Bobby Darin,,3/1/1996
262,46,Bobby Day,,24/11/1996
263,73,Bobby Freeman,,4/8/2000
264,67,Bobby Fuller Four,,4/4/1990
265,73,Bobby Goldsboro,,22/7/1982
266,41,Bobby Hebb,,15/12/1994
267,43,Bobby Helms,,18/10/1975
268,9,Bobby Lewis,,18/2/1997
269,17,Bobby McFerrin,,5/8/1972
270,18,Bobby Rydell,,17/11/1993
271,75,Bobby Sherman,,10/1/1978
272,44,Bobby Vee,,15/10/1994
273,72,Bobby Vinton,,22/9/1965
274,71,Bomfunk MCs,,19/11/1962
275,5,Bon Jovi,,15/3/1980
276,24,Bone Thugs-n-Harmony,,9/3/1965
277,30,Boney M,,17/6/1969
278,54,Bonnie Raitt,,21/3/2000
279,26,Bonnie Tyler,,12/4/1997
280,9,Booker T & the MGs,,12/8/1963
281,27,Boris Gardiner,,4/6/1982
282,22,Boston,,22/7/1962
283,12,Bowling For Soup,,27/1/1963
284,33,Boy George,,9/4/1982
285,27,Boy Meets Girl,,3/8/1994
286,53,Boystown Gang,,28/7/1962
287,67,Boyz II Men,,2/4/1967
288,13,Boyzone,,23/8/1989
289,38,Boz Scaggs,,11/10/2000
290,53,Brandy,,16/10/1978
291,52,Brandy & Monica,,1/12/1975
292,44,Bread,,5/5/1988
293,14,Breathe,,16/3/1966
294,19,Brenda Lee,,10/3/1989
295,49,Brenda Russell,,4/8/1996
296,55,Brenton Wood,,12/5/1960
297,31,Brian Hyland,,8/8/1990
298,65,Brian McFadden & Delta Goodrem,,19/9/1994
299,64,Brian McKnight,,7/12/1989
300,68,Britney Spears,,24/3/1966
301,12,Britney Spears & Madonna,,27/2/1979
302,27,Bronski Beat,,24/11/1967
303,45,Brook Benton,,9/7/1998
304,60,Bros,,24/6/1977
305,6,Brotherhood of Man,,12/4/1971
306,7,Brothers Four,,10/7/1968
307,51,Brothers Johnson,,15/12/1985
308,78,Brownstone,,28/9/1992
309,33,Brownsville Station,,5/11/1998
310,12,Bruce Channel,,8/10/1964
311,15,Bruce Hornsby & The Range,,10/6/1968
312,33,Bruce Springsteen,,12/6/1962
313,4,Bruno Mars,,14/3/1990
314,71,Bryan Adams,,10/9/1981
315,33,Bryan Adams & Melanie C,,20/4/1968
316,25,"Bryan Adams, Rod Stewart & Sting",,2/2/1984
317,41,Bucketheads,,20/11/1998
318,55,Bucks Fizz,,1/5/1963
319,28,Buddy Clark,,22/8/1990
320,7,Buddy Holly,,27/3/1960
321,45,Buddy Knox,,5/8/1998
322,3,Buffalo Springfield,,9/3/1979
323,12,Buggles,,13/10/1979
324,32,Bunny Berigan,,17/2/1995
325,12,Burl Ives,,27/9/1972
326,24,Busta Rhymes,,4/1/1968
327,77,Busta Rhymes & Mariah Carey,,26/2/1994
328,55,Buzz Clifford,,21/7/1999
329,46,C W McCall,,5/9/1973
330,69,C&C Music Factory,,14/7/1972
331,60,Cab Calloway & his Cotton Club Orchestra,,26/10/1989
332,79,Calloway,,17/12/1980
333,65,Calvin Harris,,27/5/1964
334,79,Cameo,,26/11/1967
335,6,Candi Staton,,4/10/1979
336,47,Canned Heat,,27/10/1972
337,37,Cappella,,28/2/1987
338,19,Captain & Tennille,,19/9/1988
339,41,Captain Hollywood Project,,24/5/1978
340,75,Carl Douglas,,16/4/1979
341,72,Carl Perkins,,11/12/1996
342,64,Carly Rae Jepsen,,3/1/1975
343,14,Carly Simon,,3/8/2000
344,34,Carol Douglas,,13/6/1963
345,7,Carole King,,24/2/1978
346,38,Carrapicho & Chilli,,23/3/1968
347,59,Carrie Underwood,,25/12/1993
348,42,Cascada,,6/2/1987
349,61,Cascades,,4/12/1992
350,14,Cassie,,10/7/1992
351,55,Casuals,,17/8/1965
352,32,Cat Stevens,,9/12/1961
353,17,Cathy Dennis,,13/10/1962
354,70,Ce Ce Peniston,,7/11/1985
355,49,Cee-Lo Green,,12/2/1961
356,25,Celine Dion,,28/2/1976
357,26,Celine Dion & Bee Gees,,7/10/1984
358,49,Celine Dion & Peabo Bryson,,1/12/1998
359,15,Celine Dion & R Kelly,,28/7/1970
360,14,Chad Kroeger,,12/4/1974
361,20,Chairman of The Board,,18/9/1990
362,12,Chaka Khan,,24/10/1989
363,73,Champaign,,10/2/1983
364,72,Champs,,8/8/1992
365,57,Chantays,,17/8/1965
366,55,Charlene,,9/5/1996
367,75,Charles & Eddie,,3/6/1999
368,66,Charles Aznavour,,13/8/1977
369,52,Charley Patton,,9/7/1961
370,38,Charlie Daniels Band,,27/9/1991
371,13,Charlie Gracie,,15/8/1986
372,11,Charlie Rich,,25/10/1984
373,34,Chauncy Olcott,,27/8/1999
374,5,Cheap Trick,,24/3/1962
375,57,Cher,,9/4/1989
376,12,Cheryl Lynn,,17/9/1992
377,22,Chesney Hawkes,,19/6/1992
378,3,Chic,,10/4/1981
379,27,Chicago,,19/3/1993
380,32,Chicory Tip,,13/2/1975
381,78,Chingy,,13/5/1999
382,32,Chords,,22/12/1979
383,75,Chris Andrews,,19/1/1991
384,66,Chris Barber's Jazz Band,,9/11/1999
385,60,Chris Brown,,22/12/1980
386,9,Chris Brown & Juelz Santana,,7/8/1995
387,10,Chris Brown & T-Pain,,27/10/1995
388,38,Chris Cornell,,28/9/1979
389,23,Chris de Burgh,,23/11/1965
390,11,Chris Isaak,,1/4/1964
391,56,Chris Montez,,9/11/1969
392,76,Chris Norman & Suzi Quatro,,6/12/1973
393,30,Chris Rea,,5/2/1985
394,35,Christie,,6/9/1975
395,11,Christina Aguilera,,7/10/1979
396,47,Christina Aguilera & Redman,,12/9/1965
397,64,"Christina Aguilera, Lil' Kim, Mya & Pink",,8/5/1997
398,41,Christina Milian,,19/5/1994
399,33,Christina Perri,,1/5/1966
400,21,Christophe,,5/9/1960
401,64,Christopher Cross,,24/1/1963
402,25,Chubby Checker,,18/7/1989
403,72,Chuck Berry,,11/2/1966
404,18,Chumbawamba,,24/3/1994
405,23,Ciara & Ludacris,,16/8/1976
406,13,Ciara & Missy 'Misdemeanor' Elliot,,5/9/1970
407,26,Ciara & Petey Pablo,,3/1/1982
408,36,Cilla Black,,20/6/1987
409,52,City High,,10/4/1972
410,72,Clarence Carter,,22/9/1970
411,69,Clarence 'Frogman' Henry,,2/9/1992
412,69,Claude King,,4/5/1975
413,62,Cliff Edwards (Ukelele Ike),,7/6/1968
414,59,Cliff Richard,,28/11/1986
415,37,Cliff Richard & The Young Ones,,9/1/1986
416,69,Climax,,24/12/1962
417,34,Climie Fisher,,4/2/1966
418,56,Clint Holmes,,13/8/1980
419,68,Clout,,7/9/1967
420,27,Club Nouveau,,15/7/1977
421,58,Cobra Starship,,25/9/1960
422,65,Colbie Caillat,,19/11/1999
423,29,Coldplay,,21/3/1997
424,80,Cole Porter,,10/11/1960
425,1,Coleman Hawkins,,2/10/1983
426,57,Color Me Badd,,28/2/1970
427,68,Connells,,14/5/1991
428,17,Connie Francis,,18/10/1987
429,52,Conny Froboess,,20/10/1968
430,61,Contours,,19/5/1964
431,42,Conway Twitty,,1/8/1990
432,52,Coolio,,5/6/1970
433,24,Coolio & 40 Thevz,,6/1/1999
434,31,Corinne Bailey Rae,,15/5/1973
435,62,Cornelius Brothers & Sister Rose,,12/1/1972
436,61,Cornershop,,17/2/1990
437,72,Corona,,13/6/1976
438,68,Count Basie,,27/1/1973
439,4,Counting Crows,,12/8/1973
440,71,Cover Girls,,7/6/1964
441,1,Craig David,,20/2/1990
442,21,Craig Douglas,,13/5/1990
443,50,Crash Test Dummies,,20/6/1991
444,34,Crazy Frog,,25/9/1980
445,78,Crazy Town,,17/1/1966
446,18,Crazy World of Arthur Brown,,6/8/2000
447,50,Cream,,23/4/1997
448,31,Creed,,1/12/1997
449,56,Creedence Clearwater Revival,,24/9/1978
450,7,Crispian St Peters,,26/7/1977
451,70,"Crosby, Stills, Nash & Young",,11/1/1969
452,43,Crowded House,,6/12/1994
453,61,Crystal Gayle,,18/10/1987
454,69,Crystal Waters,,28/8/1994
455,65,Culture Beat,,16/8/1987
456,14,Culture Club,,10/4/1982
457,4,Curtis Mayfield,,11/3/1972
458,14,Cut 'N' Move,,28/7/1999
459,9,Cutting Crew,,3/4/1981
460,2,Cyndi Lauper,,26/12/1963
461,79,Cyrkle,,25/12/1962
462,57,D:Ream,,13/4/1970
463,23,D12,,5/1/1982
464,63,Daddy Yankee,,6/8/1991
465,73,Daft Punk,,8/4/1969
466,3,Daft Punk & Pharrell Williams,,2/3/1972
467,2,Dale & Grace,,14/1/1982
468,80,Damn Yankees,,8/3/1984
469,35,Dan Hartman,,3/4/1983
470,55,Dan Hill,,8/5/1981
471,8,Dana,,27/3/1973
472,13,Daniel Bedingfield,,3/4/1992
473,54,Daniel Boone,,28/11/1986
474,26,Daniel Powter,,25/1/1970
475,67,Danny & The Juniors,,11/9/1996
476,71,Danny Mirror,,5/7/1989
477,76,Dante Thomas,,10/9/1972
478,14,Danyel Gerard,,10/4/1982
479,40,Dario G,,19/11/1965
480,26,Darude,,2/9/1974
481,43,Daughtry,,2/5/1991
482,15,Dave & Ansil Collins,,15/8/1974
483,53,Dave Brubeck,,16/6/1961
484,17,Dave Clark Five,,11/9/1961
485,15,"Dave Dee, Dozy, Beaky, Mick & Tich",,12/5/1991
486,4,Dave Edmunds,,9/1/1969
487,39,David A Stewart,,9/12/1964
488,25,David A Stewart & Barbara Gaskin,,5/3/1984
489,19,David Bowie,,22/11/1968
490,56,David Bowie & Mick Jagger,,10/1/2000
491,66,David Bowie & The Pat Metheny Group,,3/1/1998
492,71,David Cassidy,,24/1/1966
493,9,David Dundas,,26/1/1999
494,6,David Essex,,2/11/1994
495,23,David Guetta & Akon,,8/12/1992
496,9,David Guetta & Chris Willis,,8/1/1962
497,14,David Guetta & Kelly Rowland,,21/2/1996
498,77,David Guetta & Nicki Minaj,,22/12/1986
499,25,David Guetta & Sia,,8/5/1964
500,2,David Guetta & Usher,,2/6/1967
501,40,"David Guetta, Flo-Rida & Nicki Minaj",,24/12/1987
502,69,David Rose,,17/11/1988
503,5,David Seville & The Chipmunks,,6/8/1993
504,38,David Soul,,22/8/1979
505,1,David Whitfield & Mantovani,,6/1/1995
506,55,Dawn,,10/10/1975
507,3,Dead Or Alive,,6/6/1981
508,69,Dean Martin,,13/2/1960
509,54,DeBarge,,27/7/1976
510,65,Debbie Boone,,2/10/1970
511,76,Debbie Gibson,,16/7/1993
512,36,Debbie Reynolds,,3/9/1998
513,34,Debbie Reynolds & Carleton Carpenter,,24/4/1991
514,48,Debelah Morgan,,24/8/1964
515,10,Dee Clark,,21/3/1966
516,10,Dee Dee Sharp,,19/5/1964
517,32,Deee-Lite,,7/5/1962
518,36,Deep Blue Something,,23/3/1985
519,35,Deep Purple,,27/8/1986
520,16,Def Leppard,,24/9/1989
521,79,Del Shannon,,25/5/1998
522,41,Demis Roussos,,8/12/1968
523,26,Deniece Williams,,6/3/1971
524,30,Depeche Mode,,19/3/1996
525,27,Derek & The Dominos,,5/7/1964
526,19,Desireless,,20/6/1970
527,70,Desmond Dekker,,23/4/1971
528,23,Des'ree,,28/10/1962
529,3,Destiny's Child,,27/1/1984
530,71,Destiny's Child & T.I. & Lil' Wayne,,17/3/1983
531,19,Devo,,1/6/1990
532,67,Dexys Midnight Runners,,4/7/1965
533,15,DHT & Edmee,,13/11/1963
534,77,Diana King,,10/8/1979
535,17,Diana Ross,,24/2/1967
536,53,Diana Ross & Lionel Richie,,28/9/1977
537,32,Diana Ross & The Supremes,,12/10/1985
538,21,Diana Ross & The Supremes & The Temptations,,8/5/1981
539,58,Dick Haymes,,18/12/1979
540,32,Diddy Dirty Money,,8/5/1992
541,30,Dido,,21/5/2000
542,29,Dinah Shore,,10/8/1991
543,63,Dion,,18/6/1996
544,77,Dion & The Belmonts,,7/11/1975
545,80,Dionne Farris,,14/7/1979
546,26,Dionne Warwick,,11/10/1974
547,63,Dionne Warwick & Friends,,18/8/1965
548,13,Dionne Warwick & The Detroit Spinners,,15/2/1998
549,64,Dire Straits,,14/7/1971
550,4,Divinyls,,14/6/1972
551,6,Dixie Cups,,8/9/1972
552,71,Dizzy Gillespie,,16/3/1970
553,23,DJ BoBo,,22/11/1977
554,65,DJ Jazzy Jeff & The Fresh Prince,,3/3/1994
555,5,DJ Jurgen & Alice DeeJay,,7/12/1999
556,79,DJ Otzi,,8/10/1974
557,37,DJ Sammy & Yanou,,8/4/1974
558,20,DNA & Suzanne Vega,,8/11/1985
559,71,Dobie Gray,,19/3/1989
560,72,Doctor & The Medics,,24/8/1970
561,52,Dolly Parton,,12/8/1996
562,13,Domenico Modugno,,6/3/1967
563,20,Don Azpiazu & his Havana Casino Orchestra,,4/2/1973
564,36,Don Cornell,,16/10/1969
565,72,Don Costa,,1/8/1988
566,77,Don Henley,,15/9/1964
567,56,Don McLean,,28/1/1972
568,48,Donna Lewis,,12/10/1990
569,57,Donna Summer,,19/5/1997
570,48,Donny Osmond,,7/2/1978
571,72,Donny Osmond & Marie Osmond,,17/12/1975
572,24,Donovan,,15/10/1987
573,62,Dooley Wilson,,20/4/1989
574,46,Doop,,20/2/1963
575,16,Doris Day,,28/11/1986
576,78,Doris Day & Buddy Clark,,7/4/1991
577,64,Dorothy Moore,,17/1/1999
578,28,Double,,28/4/2000
579,35,Double You,,8/4/1976
580,31,Dr Alban,,28/1/1985
581,73,Dr Dre & Snoop Dogg,,12/6/1983
582,9,Dr Hook,,27/5/1984
583,9,Drake & Rihanna,,10/5/1977
584,66,Dramatics,,27/4/1981
585,60,Dreamweavers,,18/9/1966
586,25,Dru Hill,,24/11/1960
587,17,Duane Eddy,,12/11/1961
588,38,Duck Sauce,,4/9/1976
589,29,Duffy,,19/3/1970
590,70,Duke Ellington,,16/11/1992
591,58,Duran Duran,,1/12/2000
592,47,Dusty Springfield,,7/3/1973
593,22,Dusty Springfield & The Pet Shop Boys,,7/2/1991
594,34,Eagle-Eye Cherry,,18/6/1965
595,64,Eagles,,7/3/1983
596,17,Eamon,,27/11/1995
597,50,"Earth, Wind & Fire",,26/4/1965
598,35,East 17,,15/1/1982
599,49,Ed Sheeran,,2/12/1993
600,22,Eddie Calvert,,28/8/1970
601,79,Eddie Cantor,,9/3/1977
602,79,Eddie Cochran,,26/4/1991
603,6,Eddie Fisher,,15/3/1980
604,46,Eddie Hodges,,21/8/1981
605,69,Eddie Holman,,24/10/1990
606,63,Eddie Murphy,,6/6/1979
607,21,Eddy Duchin,,5/5/1968
608,34,Eddy Grant,,16/4/1986
609,3,Eddy Howard,,20/7/1989
610,71,Edelweiss,,17/3/1993
611,58,Edgar Winter Group,,24/3/1998
612,27,Edie Brickell & The New Bohemians,,21/1/1989
613,70,Edison Lighthouse,,7/7/1974
614,66,Edith Piaf,,23/6/1986
615,14,Edward Bear,,28/6/1970
616,42,Edward Maya & Vika Jigulina,,25/11/1981
617,22,Edwin Hawkins Singers,,19/1/1963
618,68,Edwin Starr,,14/6/1961
619,51,Edwyn Collins,,17/12/1975
620,26,Eiffel 65,,17/5/1979
621,16,Eileen Barton,,4/8/1977
622,67,El DeBarge,,15/4/1960
623,13,Electric Light Orchestra,,7/9/1960
624,49,Elegants,,24/7/1981
625,1,Ella Fitzgerald,,13/10/1963
626,15,Ella Fitzgerald & The Ink Spots,,16/7/1984
627,37,Ellie Goulding,,28/1/1994
628,59,Elmore James,,22/3/1974
629,2,Elton John,,11/3/1991
630,35,Elton John & Kiki Dee,,28/11/1966
631,2,Elvin Bishop,,3/6/1970
632,41,Elvis Presley,,3/12/1963
633,12,Elvis Presley & JXL,,3/5/2000
634,28,EMF,,6/3/1995
635,43,Emile Ford & The Checkmates,,4/4/1976
636,21,Emilia,,26/11/1964
637,73,Eminem,,4/12/1988
638,12,Eminem & Rihanna,,26/10/1995
639,50,"Eminem, Dr Dre & 50 Cent",,7/12/1985
640,43,En Vogue,,28/7/1962
641,78,Engelbert Humperdinck,,14/8/1976
642,39,Enigma,,7/10/1982
643,45,Enrique Iglesias,,26/12/1976
644,51,Enrique Iglesias & Ludacris,,11/4/1991
645,46,Enrique Iglesias & Pitbull,,21/3/1979
646,80,Enya,,3/4/1997
647,61,Erasure,,26/4/1961
648,62,Eric Burdon & War,,27/5/1992
649,55,Eric Carmen,,14/1/1990
650,44,Eric Clapton,,23/1/1961
651,37,Eric Prydz,,17/3/1979
652,46,Eric Weissburg & Steve Mandell,,18/3/1983
653,30,Ernie K-Doe,,13/9/1988
654,44,Eros Ramazzotti,,8/4/1984
655,45,Eruption,,6/10/2000
656,7,Erykah Badu,,13/7/1966
657,50,Essex,,19/6/1971
658,57,Estelle & Kanye West,,20/10/1984
659,79,Esther & Abi Ofarim,,11/7/1979
660,19,Esther Phillips,,23/1/1990
661,66,Eternal,,9/3/1997
662,46,Eternal & Bebe Winans,,5/8/1975
663,80,Ethel Waters,,17/7/1993
664,37,Etta James,,24/4/1980
665,26,Eumir Deodato,,24/9/1991
666,47,Europe,,10/4/1982
667,15,Evanescence,,2/8/1994
668,21,Eve & Alicia Keys,,6/8/1978
669,73,Eve & Gwen Stefani,,15/5/1994
670,73,Eve Young,,12/8/1963
671,70,Evelyn 'Champagne' King,,28/1/1960
672,44,Evelyn Knight,,10/12/1962
673,25,Evelyn Knight & The Stardusters,,16/7/1977
674,7,Evelyn Thomas,,27/5/1987
675,44,Everything But The Girl,,14/5/1966
676,63,Exciters,,17/3/1973
677,63,Exile,,12/4/1990
678,23,Expose,,10/4/1969
679,29,Extreme,,20/1/1998
680,52,Eydie Gorme,,16/5/1994
681,62,F R David,,4/2/1994
682,7,Fairground Attraction,,2/1/1970
683,31,Faith Hill,,26/1/1997
684,56,Faith No More,,1/2/1984
685,74,Faithless,,26/1/1975
686,42,Falco,,3/1/1968
687,11,Fall Out Boy,,10/10/1962
688,51,Fanny Brice,,26/5/1987
689,8,Far East Movement,,9/9/1987
690,64,Fastball,,21/7/1989
691,9,Fat Boys & Chubby Checker,,17/6/1972
692,12,Fat Joe,,15/2/1973
693,28,Fatboy Slim,,2/1/1985
694,24,Fatman Scoop,,20/5/1962
695,16,Fats Domino,,18/1/1974
696,44,Fats Waller,,17/1/1999
697,36,Fendermen,,7/11/1966
698,11,Fergal Sharkey,,7/10/1965
699,39,Fergie,,10/8/1996
700,7,Fergie & Ludacris,,18/5/1974
701,74,Fergie & will.i.am,,8/6/1977
702,59,Ferrante & Teicher,,25/8/1990
703,43,Ferry Aid,,12/5/1999
704,45,Fess Parker,,23/6/1979
705,68,Fifth Dimension,,4/1/2000
706,23,Fine Young Cannibals,,21/8/1996
707,54,Finger Eleven,,10/5/1979
708,12,First Class,,21/11/1999
709,20,Fisk University Jubilee Quartet,,24/10/1989
710,43,Five,,23/12/1992
711,17,Five for Fighting,,23/1/1994
712,55,Fleetwood Mac,,13/7/1973
713,1,Flo-Rida,,20/2/1999
714,71,Flo-Rida & David Guetta,,11/11/1962
715,59,Flo-Rida & Ke$ha,,4/9/1966
716,4,Flo-Rida & Sia,,24/6/1977
717,15,Flo-Rida & T-Pain,,11/2/1994
718,62,Floyd Cramer,,13/5/1977
719,74,Fool's Garden,,1/6/1973
720,75,Foreigner,,6/8/1961
721,22,Foster the People,,9/9/1964
722,10,Fountains of Wayne,,5/1/1989
723,32,Four Aces,,14/10/1993
724,72,Four Lads,,10/8/1975
725,46,Four Non Blondes,,12/1/1960
726,23,Foxy,,27/6/1987
727,78,France Gall,,24/9/1974
728,32,Francis Craig,,23/5/1995
729,21,Francis Lai,,21/9/1977
730,44,Francoise Hardy,,2/4/1981
731,40,Frank Chacksfield,,15/6/1979
732,47,Frank Duval,,20/1/1994
733,68,Frank Ifield,,20/1/1991
734,63,Frank Mills,,21/7/1962
735,14,Frank Sinatra,,1/4/1969
736,71,Frank Stallone,,13/6/1991
737,79,Frank Weir & Orchestra,,4/11/1990
738,45,Frankee,,4/2/1963
739,72,Frankie Avalon,,25/7/1971
740,52,Frankie Carle,,23/8/1994
741,67,Frankie Ford,,10/2/1995
742,68,Frankie Goes To Hollywood,,17/9/1964
743,67,Frankie Laine,,21/2/1981
744,15,Frankie Lymon & The Teenagers,,11/11/1975
745,74,Frankie Trumbauer,,9/3/1978
746,20,Frankie Valli,,16/7/1982
747,26,Frankie Vaughan,,6/6/1984
748,11,Franz Ferdinand,,15/2/1963
749,80,Fred Astaire,,24/3/2000
750,45,Fred Astaire & Leo Reisman,,11/5/1985
751,16,Fred Waring & the Pennsylvanians,,12/9/1979
752,76,Freda Payne,,8/5/1999
753,12,Freddie & The Dreamers,,13/11/1966
754,74,Freddie Mercury,,7/5/1995
755,18,Freddy Cannon,,7/3/1981
756,14,Freddy Fender,,9/5/1995
757,56,Freddy Martin,,3/5/2000
758,14,Freddy Quinn,,9/1/1989
759,40,Free,,12/5/1987
760,51,Frida,,27/9/1968
761,17,Frijid Pink,,12/3/1989
762,62,fun.,,4/11/1962
763,4,Gabriella Cilmi,,7/10/1999
764,11,Gabrielle,,12/8/1973
765,75,Gallery,,6/6/1976
766,71,Garbage,,13/2/1996
767,38,Gareth Gates,,16/3/1992
768,72,Gary Barlow,,23/7/1989
769,40,Gary Glitter,,21/6/1979
770,52,Gary Lewis & The Playboys,,28/6/1960
771,31,Gary Moore,,25/7/1967
772,53,Gary Numan,,25/2/1999
773,38,Gary Puckett & The Union Gap,,4/3/1983
774,69,Gary US Bonds,,14/9/1965
775,38,Gary Wright,,6/2/1988
776,12,Gavin Degraw,,6/5/1962
777,44,Gazebo,,21/1/1976
778,10,Gene Austin,,17/1/1997
779,25,Gene Autry,,16/12/1974
780,35,Gene Chandler,,15/7/1984
781,44,Gene Pitney,,20/3/1981
782,6,Gene Vincent,,7/1/1996
783,66,Genesis,,7/8/1998
784,24,George Baker Selection,,2/9/1999
785,49,George Benson,,24/4/1988
786,74,George Gershwin,,9/6/1978
787,21,George Harrison,,15/3/1967
788,48,George McCrae,,22/10/1982
789,38,George Michael,,20/4/1969
790,39,George Michael & Elton John,,22/8/1988
791,29,George Olsen,,19/12/1973
792,58,Georgia Gibbs,,14/10/1971
793,77,Georgie Fame,,28/4/1979
794,64,Geri Halliwell,,22/9/1971
795,15,Gerry & the Pacemakers,,5/3/1999
796,5,Gerry Rafferty,,12/2/1993
797,30,Gertrude Lawrence,,23/3/1973
798,20,Gigliola Cinquetti,,12/8/1996
799,33,Gilbert O'Sullivan,,19/7/1982
800,67,Gin Blossoms,,5/3/1967
801,52,Gina G,,5/2/2000
802,75,Gino Vannelli,,26/11/1972
803,4,Ginuwine,,6/12/1971
804,54,Girls Aloud,,22/7/1963
805,36,Gladys Knight & The Pips,,12/2/1974
806,22,Glass Tiger,,4/3/1994
807,3,Glen Campbell,,18/4/1963
808,16,Glen Gray,,17/10/1978
809,50,Glenn Frey,,13/3/1979
810,11,Glenn Medeiros,,10/12/1990
811,60,Glenn Medeiros & Bobby Brown,,2/8/1982
812,68,Glenn Miller,,28/6/1987
813,41,Gloria Estefan,,2/7/1999
814,6,Gloria Estefan & Miami Sound Machine,,10/4/1996
815,47,Gloria Gaynor,,9/1/1985
816,14,Gnarls Barkley,,20/3/1997
817,42,Gogi Grant,,13/11/1980
818,32,Golden Earring,,4/1/1965
819,22,Good Charlotte,,7/3/2000
820,51,Goombay Dance Band,,24/3/1973
821,33,Gordon Jenkins,,24/1/1965
822,56,Gordon Jenkins & The Stardusters,,1/11/1974
823,75,Gordon Jenkins & The Weavers,,20/8/1994
824,27,Gordon Lightfoot,,22/2/1972
825,35,Gorillaz,,5/2/1982
826,5,Gotye & Kimbra,,1/1/1984
827,68,Gracie Fields,,27/6/1991
828,67,Grand Funk Railroad,,7/3/1986
829,10,Grandmaster Flash & The Furious Five,,5/1/1983
830,78,Grass Roots,,25/12/1984
831,16,Green Day,,21/5/1997
832,52,Green Jelly,,3/9/1989
833,70,Greg Kihn Band,,28/11/2000
834,74,Gregory Abbott,,26/6/1983
835,4,Groove Theory,,22/4/1963
836,6,Grover Washington Jr,,23/12/1985
837,75,Guess Who,,19/1/1984
838,51,Guns n' Roses,,5/1/1978
839,37,Guru Josh,,20/1/1976
840,20,Guy Lombardo,,9/3/1971
841,80,Guy Mitchell,,8/5/1972
842,22,Gwen Stefani,,3/9/1966
843,19,Gwen Stefani & Akon,,14/9/1979
844,3,Gym Class Heroes,,17/7/1989
845,52,Haddaway,,16/3/1975
846,61,Hall & Oates,,1/4/1993
847,33,"Hamilton, Joe Frank & Reynolds",,10/2/1967
848,52,Hank Locklin,,2/7/1973
849,41,Hank Williams,,13/6/1986
850,3,Hanson,,26/2/1968
851,74,Happenings,,3/2/1982
852,42,Harold Faltermeyer,,17/12/1979
853,26,Harold Melvin & The Bluenotes,,13/5/1993
854,57,Harpo,,28/5/1970
855,7,Harry Belafonte,,12/10/1977
856,62,Harry Chapin,,6/9/1962
857,46,Harry James,,10/9/1993
858,45,Harry James & Dick Haymes,,15/1/1974
859,45,Harry Nilsson,,7/6/1982
860,66,Harry Richman,,24/12/1986
861,63,Heart,,3/8/1990
862,79,Heatwave,,28/5/1979
863,41,Heavy D & The Boyz,,27/7/1966
864,66,Helen Forrest & Dick Haymes,,14/2/1980
865,63,Helen Kane,,16/9/1991
866,77,Helen Reddy,,24/2/1970
867,72,Helen Shapiro,,27/8/1970
868,59,Hellogoodbye,,19/6/1969
869,5,Henry Gross,,24/6/1960
870,51,Henry Mancini,,13/3/1979
871,25,Herb Alpert,,5/9/1989
872,74,Herbie Hancock,,3/9/1978
873,11,Herman's Hermits,,7/7/1998
874,32,Highwaymen,,16/1/1979
875,74,Hilary Duff,,25/5/1982
876,2,Hinder,,27/5/1992
877,10,Hoagy Carmichael,,24/2/1992
878,45,Hole,,27/1/1999
879,22,Holly Johnson,,28/10/1997
880,70,Holly Valance,,10/1/1967
881,1,Hollywood Argyles,,25/5/1964
882,18,Honey Cone,,4/6/1972
883,14,Hoobastank,,18/5/1969
884,9,Hootie & The Blowfish,,9/2/1986
885,44,Horace Heidt,,5/12/1989
886,69,Hot Butter,,20/9/1988
887,63,Hot Chocolate,,22/12/1969
888,1,House of Pain,,12/8/1984
889,1,Houston,,25/8/1978
890,53,Howard Jones,,13/3/1982
891,28,Howlin' Wolf,,25/1/1973
892,20,Hues Corporation,,22/2/1997
893,20,Huey Lewis & The News,,23/12/1984
894,33,Hugo Montenegro,,4/3/1981
895,52,Hurricane Smith,,12/2/1968
896,29,Ian Dury & The Blockheads,,8/9/1981
897,3,Ice Cube,,2/7/1963
898,4,Ides of March,,19/2/1995
899,22,Ike & Tina Turner,,13/4/1987
900,76,Imagination,,10/11/1983
901,22,Impalas,,14/12/1967
902,11,Impressions,,27/5/1967
903,66,Indeep,,9/3/1977
904,59,Inez & Charlie Foxx,,18/6/1970
905,54,Information Society,,7/5/1969
906,59,Ini Kamoze,,17/1/1968
907,37,Inner Circle,,19/12/1989
908,16,Inner City,,17/4/1996
909,74,Instant Funk,,14/3/1983
910,4,INXS,,10/4/1973
911,33,Irene Cara,,9/6/1990
912,48,Irish Rovers,,16/8/1960
913,15,Isaac Hayes,,12/7/1977
914,3,Isham Jones,,23/1/1970
915,68,Ivo Robic,,28/5/1984
916,80,Iyaz,,9/3/1964
917,32,J Frank Wilson & the Cavaliers,,21/7/1992
918,12,J Geils Band,,19/6/1993
919,23,Ja Rule,,3/5/1965
920,13,Ja Rule & Ashanti,,14/11/1979
921,46,Jack Johnson,,14/9/1960
922,31,Jack McVea & his Band,,28/6/1971
923,75,Jack Scott,,25/10/1971
924,40,Jack Smith,,10/6/1986
925,33,Jackie Wilson,,12/6/1971
926,11,Jade,,12/5/1996
927,10,Jam & Spoon,,4/8/1972
928,76,Jamelia,,23/7/1986
929,71,James Baskett,,22/12/1963
930,43,James Blunt,,27/12/1988
931,28,James Brown,,18/11/1978
932,38,James Darren,,5/3/1998
933,19,James Morrison,,9/11/1984
934,41,James Taylor,,7/2/1990
935,58,Jamiroquai,,13/3/1975
936,24,Jan & Dean,,19/2/1968
937,32,Jan & Kjeld,,17/9/1995
938,36,Jan Garber,,11/2/1972
939,22,Jan Hammer,,5/12/1991
940,61,Jane Birkin & Serge Gainsbourg,,2/12/1964
941,47,Jane Child,,3/1/2000
942,35,Jane Morgan,,26/5/1972
943,77,Janet Jackson,,21/5/1979
944,34,Janet Jackson & Q-Tip & Joni Mitchell,,14/2/1996
945,67,Janis Ian,,18/11/1965
946,34,Janis Joplin,,14/12/1967
947,6,Jann Arden,,25/6/1982
948,78,Jason Derulo,,22/4/1971
949,78,Jason Derulo & 2 Chainz,,10/5/1986
950,57,Jason Donovan,,13/2/1966
951,66,Jason Mraz,,21/5/1994
952,68,Jay & the Americans,,20/8/1984
953,27,Jay Sean,,28/5/1973
954,6,Jay Sean & Lil' Wayne,,6/11/1960
955,15,Jay-Z,,3/11/1992
956,63,Jay-Z & Alicia Keys,,9/9/1961
957,54,Jay-Z & Linkin Park,,7/5/1965
958,20,"Jay-Z, Rihanna & Kanye West",,12/10/1978
959,11,Jean Knight,,26/8/1984
960,16,Jean-Claude Borelly,,9/1/1986
961,27,Jeanette,,28/2/1979
962,3,Jeannie C Riley,,1/9/1978
963,65,Jeff Buckley,,27/12/1969
964,38,Jefferson Airplane,,13/11/1963
965,57,Jefferson Starship,,11/4/1982
966,31,Jennifer Lopez,,1/12/1961
967,49,Jennifer Lopez & LL Cool J,,24/3/1985
968,35,Jennifer Lopez & Pitbull,,10/8/1995
969,6,Jennifer Paige,,9/6/1982
970,36,Jennifer Rush,,1/1/1993
971,19,Jermaine Jackson & Pia Zadora,,28/11/1988
972,26,Jerry Lee Lewis,,5/2/1967
973,44,Jerry Murad's Harmonicats,,10/10/1987
974,76,Jesse McCartney,,10/9/1963
975,53,Jessica Simpson,,3/4/1961
976,14,Jessie J,,15/7/1964
977,39,Jessie J & BoB,,7/11/1961
978,28,Jesus Jones,,16/8/1979
979,47,Jet,,25/8/2000
980,37,Jewel,,23/4/1981
981,56,Jewel Akens,,10/6/1974
982,18,Jigsaw,,15/12/1974
983,40,Jim Croce,,6/1/1973
984,52,Jim Diamond,,7/10/1995
985,43,Jim Lowe,,7/10/1969
986,59,Jim Reeves,,27/3/1966
987,44,Jim Stafford,,3/12/1985
988,26,Jimi Hendrix,,28/6/1972
989,30,Jimmie Davis,,15/7/1982
990,76,Jimmie Rodgers,,15/1/1978
991,30,Jimmy Boyd,,2/11/1981
992,20,Jimmy Boyd & Frankie Laine,,6/1/1960
993,17,Jimmy Castor Bunch,,12/8/1960
994,61,Jimmy Cliff,,5/4/1996
995,45,Jimmy Dean,,2/2/1960
996,79,Jimmy Dorsey,,19/10/1968
997,4,Jimmy Eat World,,10/4/1994
998,59,Jimmy Jones,,19/10/1984
999,50,Jimmy Nail,,20/7/1961
1000,33,Jimmy Ruffin,,14/9/1991
1001,41,Jimmy Soul,,3/12/1973
1002,76,Jimmy Young,,28/6/1981
1003,35,Jive Bunny & The Mastermixers,,7/10/1993
1004,59,J-Kwon,,20/7/1999
1005,48,Jo Stafford,,20/5/1984
1006,45,Joan Baez,,9/2/1971
1007,17,Joan Jett & The Blackhearts,,28/1/1977
1008,71,Joan Osborne,,12/1/1968
1009,76,Joan Weber,,22/12/1976
1010,77,Jody Watley,,11/11/1982
1011,47,Joe Cocker,,21/2/1982
1012,15,Joe Cocker & Jennifer Warnes,,27/5/1996
1013,48,Joe Dolce,,15/3/1975
1014,62,Joe 'Fingers' Carr,,12/12/1976
1015,40,Joe Jackson,,16/7/1964
1016,78,Joe Public,,11/8/1969
1017,16,Joe South,,11/3/2000
1018,16,Joe Tex,,10/6/1992
1019,66,Joe Thomas,,28/10/1972
1020,21,Joe Thomas & Mystikal,,6/3/1965
1021,61,Joey Dee & The Starliters,,27/7/1979
1022,12,Joey Scarbury,,2/7/1961
1023,14,John Cougar Mellencamp,,17/4/1987
1024,73,John Cougar Mellencamp & Me'Shell Ndegeocello,,9/1/2000
1025,29,John Denver,,21/6/1966
1026,33,John Farnham,,19/4/1964
1027,43,John Fred & The Playboy Band,,14/12/1979
1028,11,John Lee Hooker,,2/11/1977
1029,8,John Lennon,,21/12/1962
1030,4,John Leyton,,19/8/1992
1031,52,John Mayer,,2/6/1964
1032,26,John Miles,,28/1/1983
1033,65,John Parr,,1/5/1998
1034,77,John Paul Young,,27/6/1967
1035,1,John Sebastian,,9/9/1992
1036,74,John Travolta & Olivia Newton-John,,19/4/1960
1037,73,John Waite,,3/4/1982
1038,52,Johnnie Ray,,22/8/1980
1039,55,Johnnie Taylor,,21/11/1978
1040,46,Johnny & The Hurricanes,,12/10/2000
1041,28,Johnny Burnette,,8/2/1989
1042,73,Johnny Cash,,21/12/1966
1043,74,Johnny Gill,,6/7/1975
1044,65,Johnny Hates Jazz,,25/12/1994
1045,20,Johnny Horton,,1/10/1977
1046,23,Johnny Logan,,23/1/1987
1047,55,Johnny Mathis,,23/4/1972
1048,8,Johnny Mathis & Deniece Williams,,21/12/1987
1049,57,Johnny Mercer,,13/6/1985
1050,63,Johnny Mercer & Jo Stafford,,25/11/1994
1051,7,Johnny Nash,,20/5/1974
1052,43,Johnny Preston,,15/10/1975
1053,63,Johnny Rivers,,3/6/1960
1054,50,Johnny Standley,,27/3/1973
1055,65,Johnny Tillotson,,14/3/1966
1056,62,Johnny Wakelin,,12/9/1995
1057,40,JoJo,,1/12/1969
1058,54,Jon & Vangelis,,8/4/1960
1059,43,Jon Secada,,4/7/1982
1060,18,Jona Lewie,,1/8/1978
1061,66,Jonas Brothers,,14/4/1995
1062,28,Jonathan Edwards,,3/12/1980
1063,78,Joni James,,5/9/1996
1064,71,Joni Mitchell,,28/1/1996
1065,22,Jordin Sparks,,4/4/1968
1066,46,Jordin Sparks & Chris Brown,,7/12/1988
1067,65,Jose Feliciano,,18/8/1963
1068,23,Journey,,16/9/1960
1069,38,Joy Division,,17/5/1996
1070,47,Juanes,,10/10/1974
1071,56,Judy Garland,,26/8/1976
1072,76,Judy Garland & Gene Kelly,,10/8/1982
1073,11,Juice Newton,,16/11/1982
1074,32,Julee Cruise,,7/4/1993
1075,10,Julian Lennon,,2/6/1965
1076,35,Julie Covington,,14/3/1985
1077,50,Julie London,,26/12/1970
1078,15,Julie Rogers,,3/9/1989
1079,60,Julio Iglesias & Willie Nelson,,2/6/1970
1080,15,Julius Larosa,,19/5/1993
1081,23,Junior Senior,,22/10/1970
1082,58,Junior Walker & The All-Stars,,24/9/1965
1083,39,Justin Bieber,,22/5/1974
1084,69,Justin Bieber & Ludacris,,6/1/1980
1085,17,Justin Timberlake,,11/7/1977
1086,14,K7,,24/1/1974
1087,3,Kajagoogoo,,28/12/1991
1088,47,Kansas,,1/12/1978
1089,20,Kanye West,,13/10/1983
1090,11,Kanye West & Jamie Foxx,,4/7/1999
1091,55,Kaoma,,28/9/1972
1092,54,Kardinal Offishall,,20/6/1983
1093,26,Karyn White,,9/1/1981
1094,68,Kate Bush,,13/5/1979
1095,50,Kate Smith,,6/1/1989
1096,70,Kate Winslet,,9/7/1988
1097,73,Katrina & The Waves,,22/4/1980
1098,42,Katy Perry,,9/3/1991
1099,2,Katy Perry & Kanye West,,5/1/1981
1100,46,Katy Perry & Snoop Dogg,,3/2/2000
1101,58,Kay Kyser,,13/7/1960
1102,71,Kay Starr,,18/12/1962
1103,12,KC & The Sunshine Band,,6/3/1968
1104,25,K-Ci & JoJo,,4/8/1974
1105,28,Ke$ha,,26/3/1960
1106,59,Keane,,20/9/1997
1107,34,Keith Carradine,,28/5/2000
1108,35,Keith Sweat,,13/12/1980
1109,62,Keith Sweat & Athena Cage,,18/6/1962
1110,58,Kelis,,27/8/1992
1111,55,Kelly Clarkson,,6/2/1987
1112,19,Kelly Marie,,12/2/1961
1113,39,Kelly Rowland,,27/3/1967
1114,15,Ken Griffin,,14/8/1963
1115,23,Kenny Ball & his Jazzmen,,22/1/1997
1116,48,Kenny G,,24/5/1970
1117,11,Kenny Loggins,,10/5/1986
1118,39,Kenny Loggins & Stevie Nicks,,23/2/1997
1119,42,Kenny Rogers,,16/7/1982
1120,54,Kenny Rogers & Dolly Parton,,24/3/1965
1121,49,Kenny Rogers & Sheena Easton,,12/3/1986
1122,76,Keri Hilson & Kanye West & Ne-Yo,,4/9/1992
1123,31,Ketty Lester,,1/9/1964
1124,16,Kevin Lyttle,,12/8/1999
1125,58,Kevin Rudolf & Lil' Wayne,,6/6/1974
1126,40,Kid Cudi & Crookers,,3/11/1989
1127,59,Kid Rock,,20/5/1994
1128,2,Kim Carnes,,16/12/1964
1129,27,Kim Wilde,,13/6/1967
1130,9,King,,18/12/1973
1131,48,Kings of Leon,,10/1/1985
1132,64,Kingsmen,,6/11/1997
1133,43,Kiss,,24/6/1963
1134,70,Kitty Kallen,,6/3/1970
1135,73,KLF,,3/9/1998
1136,39,Klymaxx,,1/6/1969
1137,56,K'Naan,,10/5/2000
1138,25,Kool & The Gang,,9/12/1966
1139,23,Kraftwerk,,7/6/1973
1140,51,Kris Kross,,14/4/1971
1141,27,KT Tunstall,,17/8/1990
1142,29,KWS,,23/12/1990
1143,11,Kylie Minogue,,13/2/1967
1144,30,Kylie Minogue & Jason Donovan,,11/2/1969
1145,29,Kyu Sakamoto,,1/10/1978
1146,30,La Belle Epoque,,5/1/2000
1147,44,La Bouche,,26/3/2000
1148,48,La Roux,,12/2/1989
1149,24,Lady Antebellum,,16/3/1994
1150,38,Lady GaGa,,26/12/1973
1151,16,Lady GaGa & Beyonce,,23/6/1996
1152,39,Lady GaGa & Colby O'Donis,,14/7/1982
1153,45,Lale Andersen,,25/8/1973
1154,10,Lana Del Rey,,17/1/1996
1155,34,Larry Clinton,,28/7/1969
1156,36,Las Ketchup,,10/9/1990
1157,33,Lasgo,,9/12/1981
1158,47,Laura Branigan,,23/12/1984
1159,47,Laurie London,,3/2/1990
1160,3,Lauryn Hill,,18/6/1986
1161,56,Lawrence Welk,,14/10/1961
1162,1,Leadbelly,,1/7/1978
1163,5,LeAnn Rimes,,23/7/1994
1164,23,Leapy Lee,,14/2/2000
1165,2,Led Zeppelin,,8/10/1979
1166,68,Lee Ann Womack,,15/5/1981
1167,2,Leila K & Rob 'n' Raz,,24/3/1967
1168,70,Len,,11/12/1989
1169,56,Len Barry,,21/3/1988
1170,29,Lena Horne,,7/7/1975
1171,60,Lenny Kravitz,,6/11/1965
1172,19,Leo Reisman,,15/12/1993
1173,5,Leo Sayer,,4/7/1989
1174,51,Leona Lewis,,22/4/1989
1175,59,Leroy Anderson,,18/10/1978
1176,78,Leroy Van Dyke,,6/7/1984
1177,56,Les Baxter & his Orchestra,,16/9/1969
1178,47,Les Brown,,19/4/1961
1179,63,Les Brown & Doris Day,,20/6/1968
1180,28,Les Humphries Singers,,7/2/1964
1181,19,Les Paul & Mary Ford,,2/4/1967
1182,74,Lesley Gore,,19/6/1964
1183,25,Lester Flatt & Earl Scruggs,,1/12/1972
1184,48,Level 42,,4/2/1972
1185,58,Liberty X,,26/4/1972
1186,70,Lieutenant Pigeon,,2/7/1978
1187,76,Lifehouse,,1/5/1974
1188,3,Lil' Jon & The East Side Boyz,,11/12/1981
1189,12,Lil' Louis,,6/8/1977
1190,32,Lil' Wayne,,15/9/1979
1191,32,Lily Allen,,4/11/1965
1192,46,Limahl,,1/11/1992
1193,21,Limp Bizkit,,28/6/1998
1194,27,Linda Ronstadt,,12/2/1994
1195,37,Linda Ronstadt & Aaron Neville,,2/2/1990
1196,78,Linda Ronstadt & James Ingram,,19/4/1981
1197,53,Lindsey Buckingham,,26/1/1999
1198,66,Link Wray,,20/12/1985
1199,40,Linkin Park,,4/3/1995
1200,68,Lionel Richie,,16/12/1973
1201,22,Lipps Inc,,4/7/1967
1202,22,Lisa Lisa & Cult Jam,,6/2/1990
1203,3,Lisa Loeb & Nine Stories,,21/10/1961
1204,2,Lisa Stansfield,,27/9/1971
1205,72,Little Eva,,9/3/1965
1206,72,Little Jimmy Osmond,,9/7/1985
1207,32,Little Peggy March,,28/10/1995
1208,45,Little Richard,,7/7/1963
1209,39,Little River Band,,3/3/1979
1210,59,Living In A Box,,18/10/1985
1211,31,LL Cool J,,5/7/1978
1212,12,Lloyd Price,,6/10/1970
1213,1,LMFAO,,11/9/1973
1214,7,Lobo,,27/3/1982
1215,78,Lolita,,17/12/1991
1216,74,Londonbeat,,18/12/1972
1217,48,Lonestar,,5/6/1961
1218,33,Lonnie Donegan,,25/6/1961
1219,38,Looking Glass,,17/5/1971
1220,27,Lorde,,9/12/1963
1221,58,Lordi,,28/8/1996
1222,5,Loreen,,12/11/1970
1223,66,Lorne Greene,,22/7/1988
1224,52,Los Bravos,,16/2/1984
1225,60,Los Del Rio,,11/10/1985
1226,20,Los Indios Tabajaras,,7/7/1983
1227,76,Los Lobos,,15/1/1962
1228,61,Los Lonely Boys,,22/6/1990
1229,62,Los Machucambos,,1/10/1983
1230,45,Lou Bega,,11/3/1964
1231,14,Lou Christie,,6/1/1960
1232,27,Lou Rawls,,8/12/1981
1233,63,Lou Reed,,3/11/1985
1234,22,Louis Armstrong,,4/12/1988
1235,12,Louis Jordan,,3/10/1977
1236,16,Louis Prima,,3/7/1969
1237,56,Love & Rockets,,16/6/1969
1238,9,Love Unlimited,,6/7/1967
1239,4,Lovin' Spoonful,,6/3/1969
1240,31,LTD,,4/6/1974
1241,3,Ludacris & Shaunna,,22/7/1960
1242,50,Lulu,,12/9/1995
1243,1,Lumidee,,12/6/1975
1244,79,Luniz,,9/8/1969
1245,6,Luther Vandross,,8/9/1965
1246,59,Luther Vandross & Janet Jackson,,19/3/1965
1247,38,Luther Vandross & Mariah Carey,,13/3/1967
1248,23,Lutricia McNeal,,16/9/1972
1249,63,Luv',,23/8/1973
1250,33,Lynn Anderson,,19/8/1967
1251,80,Lynyrd Skynyrd,,13/12/1972
1252,36,Lyte Funkie Ones,,18/10/1976
1253,60,M,,4/12/1974
1254,34,Ma Rainey,,23/11/1968
1255,19,Mac Davis,,14/11/1969
1256,31,Macklemore & Ryan Lewis,,28/5/1963
1257,31,Macy Gray,,9/9/1985
1258,64,Madcon,,18/9/1961
1259,45,Mad'house,,13/2/1989
1260,22,Madness,,27/2/1962
1261,21,Madonna,,5/7/1966
1262,44,Madonna & Justin Timberlake,,4/10/1993
1263,54,Mahalia Jackson,,7/4/1972
1264,13,Main Ingredient,,5/12/1964
1265,63,Major Lance,,19/11/1984
1266,6,Mama Cass,,1/10/1995
1267,54,Mamie Smith,,20/11/1973
1268,54,Manfred Mann,,12/9/1989
1269,59,Manfred Mann's Earth Band,,6/11/1971
1270,6,Manhattan Transfer,,17/11/1991
1271,49,Mantovani,,26/8/1981
1272,6,Manu Chao,,7/12/1989
1273,45,Marc Almond & Gene Pitney,,24/9/1979
1274,56,Marc Anthony,,26/6/1986
1275,77,Marcy Playground,,20/9/1974
1276,36,Margaret Whiting,,26/6/1975
1277,71,Margaret Whiting & Jimmy Wakely,,17/10/1980
1278,74,Maria McKee,,12/10/1985
1279,22,Maria Muldaur,,2/3/1969
1280,5,Mariah Carey,,26/1/1971
1281,30,Mariah Carey & Boyz II Men,,20/2/1960
1282,6,Mariah Carey & Westlife,,14/2/1992
1283,10,Mariah Carey & Whitney Houston,,17/12/1961
1284,18,Marie Myriam,,5/3/1997
1285,68,Marie Osmond,,19/7/1992
1286,66,Marillion,,20/8/1987
1287,9,Marilyn Manson,,6/5/1961
1288,9,Marilyn McCoo & Billy Davis Jr,,22/3/1989
1289,3,Marino Marini & his Quartet,,25/8/2000
1290,25,Mario,,17/1/1968
1291,1,Mario Lanza,,5/1/1965
1292,17,Mario Winans,,8/9/1963
1293,68,Marion Harris,,19/12/1981
1294,45,Mark Dinning,,1/10/1981
1295,18,Mark Morrison,,20/6/1975
1296,53,Mark Oh,,8/1/1988
1297,2,Mark Ronson & Amy Winehouse,,22/9/1984
1298,19,Marky Mark & The Funky Bunch,,4/4/1998
1299,60,Marmalade,,5/4/1997
1300,71,Maroon 5,,14/3/1974
1301,8,Maroon 5 & Christina Aguilera,,28/10/1968
1302,56,Maroon 5 & Wiz Khalifa,,4/11/1983
1303,26,MARRS,,2/8/1990
1304,10,Marshall Hain,,14/2/1995
1305,46,Martha & The Vandellas,,8/4/1988
1306,44,Martha Tilton,,12/6/1976
1307,34,Marti Webb,,2/5/1961
1308,29,Martika,,18/8/1979
1309,21,Marty Balin,,15/8/1986
1310,54,Marty Robbins,,17/4/1996
1311,54,Marvin Gaye,,8/11/1970
1312,28,Marvin Gaye & Tammi Terrell,,17/12/1983
1313,51,Marvin Hamlisch,,2/1/1973
1314,79,Mary Hopkin,,1/8/1968
1315,39,Mary J Blige,,12/2/1999
1316,31,Mary J Blige & U2,,26/9/1982
1317,3,Mary MacGregor,,3/1/1962
1318,50,Mary Mary,,9/3/1986
1319,78,Mary Wells,,10/6/1999
1320,74,Mason Williams,,27/8/1996
1321,53,Matchbox Twenty,,11/9/1963
1322,61,Mattafix,,2/8/1967
1323,40,Matthew Wilder,,26/4/1982
1324,79,Matthews Southern Comfort,,19/8/1980
1325,24,Maureen McGovern,,23/5/1969
1326,11,Maurice Williams & The Zodiacs,,17/10/1980
1327,9,Maxi Priest,,8/4/1965
1328,57,Maxi Priest & Shaggy,,13/7/1996
1329,6,Maxine Nightingale,,9/3/1994
1330,69,MC Hammer,,7/12/1991
1331,6,MC Lyte,,13/2/1984
1332,65,MC Miker G & DJ Sven,,21/6/1998
1333,78,MC Sar & The Real McCoy,,6/9/1999
1334,31,McFadden & Whitehead,,5/1/1966
1335,22,McGuire Sisters,,23/3/1971
1336,12,Meat Loaf,,26/8/1990
1337,31,Meco,,16/3/1987
1338,71,Meghan Trainor,,13/2/1999
1339,33,Mel & Kim,,11/7/1998
1340,58,Mel Blanc,,4/4/1969
1341,57,Mel Torme,,22/5/1972
1342,66,Melanie,,19/7/1967
1343,3,Melanie C,,19/2/1977
1344,49,Melanie C & Lisa 'Left Eye' Lopes,,10/9/1978
1345,41,Men At Work,,24/4/1978
1346,59,Men Without Hats,,13/7/1982
1347,51,Meredith Brooks,,2/1/1999
1348,52,Merril Bainbridge,,19/1/1985
1349,59,Merrilee Rush,,4/8/1972
1350,31,Merry Macs,,22/7/1992
1351,41,Metallica,,23/1/1978
1352,68,Metallica & Marianne Faithfull,,2/8/1990
1353,58,Metro Station,,22/7/1977
1354,55,MFSB,,26/4/1987
1355,78,Mgmt,,1/5/1989
1356,22,MIA,,27/11/1961
1357,76,Miami Sound Machine,,14/2/1971
1358,77,Michael Andrews & Gary Jules,,3/3/1964
1359,54,Michael Bolton,,18/12/1987
1360,39,Michael Buble,,2/2/1963
1361,45,Michael Damian,,18/6/1992
1362,68,Michael Jackson,,28/5/1973
1363,43,Michael Jackson & Janet Jackson,,19/1/1994
1364,1,Michael Jackson & Siedah Garrett,,8/3/1973
1365,20,Michael Martin Murphey,,17/1/1967
1366,73,Michael McDonald,,8/8/2000
1367,70,Michael Sembello,,1/8/1980
1368,3,Michael Zager Band,,2/3/1972
1369,78,Michel Telo,,26/4/1976
1370,42,Michelle Branch,,25/3/1989
1371,63,Mick Jagger,,11/2/1986
1372,70,Middle of The Road,,28/6/1991
1373,18,Midge Ure,,7/4/1983
1374,22,Midnight Oil,,18/1/1974
1375,2,Miguel Rios,,11/9/1971
1376,27,Mika,,13/8/1983
1377,20,Mike & The Mechanics,,16/3/1969
1378,65,Mike Oldfield,,11/10/1974
1379,51,Mike Posner,,5/6/1992
1380,31,Mikis Theodorakis,,4/3/1963
1381,46,Miley Cyrus,,16/6/1993
1382,55,Milk & Honey,,5/3/1982
1383,50,Milli Vanilli,,24/6/1972
1384,76,Millie Small,,24/5/1973
1385,67,Mims,,28/10/1990
1386,29,Minnie Riperton,,13/12/1975
1387,70,Mireille Mathieu,,15/9/1991
1388,60,Miriam Makeba,,8/5/1995
1389,30,Missy 'Misdemeanor' Elliott,,20/3/1998
1390,80,Mis-Teeq,,4/6/1984
1391,63,Mitch Miller,,7/8/1963
1392,60,Mitch Ryder & The Detroit Wheels,,19/8/2000
1393,54,Moby,,4/1/1963
1394,47,Mocedades,,9/6/1992
1395,51,Modern Talking,,21/2/1993
1396,57,Modjo,,19/5/1977
1397,80,Monica,,12/5/1995
1398,18,Montell Jordan,,25/12/1986
1399,46,Monty Python,,5/5/1963
1400,3,Morris Albert,,24/9/1961
1401,46,Morris Stoloff,,10/8/1998
1402,36,Mory Kante,,20/8/1963
1403,79,Mouth & MacNeal,,16/9/1990
1404,26,Mr Acker Bilk,,3/2/1982
1405,33,Mr Big,,2/2/1980
1406,78,Mr Mister,,26/11/1963
1407,42,Mr Oizo,,19/12/1966
1408,32,Mr President,,10/1/1994
1409,12,Mud,,15/8/1977
1410,77,Muddy Waters,,12/9/1960
1411,79,Mungo Jerry,,12/4/1966
1412,30,Murray Head,,3/7/1994
1413,36,Musical Youth,,8/6/1970
1414,3,My Chemical Romance,,5/2/1980
1415,47,Mya,,27/12/1986
1416,49,N Sync,,8/5/1971
1417,64,Nancy Sinatra,,15/6/1974
1418,63,Nancy Sinatra & Frank Sinatra,,5/3/1968
1419,28,Nancy Sinatra & Lee Hazlewood,,1/1/1978
1420,48,NAS,,6/8/1962
1421,13,Nat King Cole,,18/8/1961
1422,66,Natalie Cole,,26/8/1996
1423,79,Natalie Cole & Nat King Cole,,23/9/1987
1424,64,Natalie Imbruglia,,15/11/1982
1425,38,Natasha Bedingfield,,6/9/1974
1426,12,Naughty By Nature,,21/4/1988
1427,70,Nazareth,,22/7/1995
1428,35,Ned Miller,,27/2/1993
1429,50,Neil Diamond,,1/12/1967
1430,45,Neil Sedaka,,4/8/1977
1431,62,Neil Young,,24/4/1983
1432,43,Nelly,,19/10/1981
1433,61,Nelly & Kelly Rowland,,19/11/1984
1434,20,Nelly & Tim McGraw,,15/1/1976
1435,63,Nelly Furtado,,26/4/1983
1436,58,Nelly Furtado & Timbaland,,12/7/1962
1437,21,"Nelly, P Diddy & Murphy Lee",,18/2/1960
1438,43,Nelson,,10/9/1968
1439,62,Nelson Eddy & Jo Stafford,,12/1/1963
1440,63,Nelson Riddle,,8/1/1969
1441,21,Nena,,16/7/1993
1442,71,Neneh Cherry,,19/7/1962
1443,31,NERD,,27/3/1961
1444,17,New Edition,,4/8/1966
1445,45,New Kids On The Block,,7/8/1971
1446,4,New Order,,5/6/1969
1447,48,New Vaudeville Band,,9/4/1972
1448,9,Next,,20/4/1964
1449,77,Ne-Yo,,5/4/1999
1450,77,Nick Cave & The Bad Seeds & Kylie Minogue,,16/11/1979
1451,78,Nick Gilder,,1/12/1996
1452,30,Nick Kamen,,1/9/1966
1453,4,Nick Lachey,,7/8/1967
1454,29,Nick Lucas,,12/9/1984
1455,37,Nickelback,,23/4/1998
1456,2,Nicki French,,1/12/1981
1457,65,Nicki Minaj,,22/2/1986
1458,79,Nico & Vinz,,25/11/1988
1459,72,Nicolette Larson,,14/1/1987
1460,17,Nik Kershaw,,12/8/1987
1461,24,Nina Simone,,22/7/1961
1462,79,Nina Sky,,27/2/1978
1463,78,Nini Rosso,,28/12/1972
1464,25,Nino Tempo & April Stevens,,8/7/1984
1465,56,Nirvana,,23/1/1962
1466,8,Nitty Gritty Dirt Band,,18/1/1972
1467,68,No Doubt,,1/9/1980
1468,78,No Mercy,,28/2/1988
1469,17,Nora Bayes,,3/2/1962
1470,21,Norah Jones,,22/7/1982
1471,62,Norman Greenbaum,,22/6/1960
1472,79,Notorious BIG,,10/3/1992
1473,25,Notorious BIG & P Diddy,,5/1/1984
1474,17,N-Trance & Ricardo Da Force,,13/2/1997
1475,78,Nu Shooz,,21/8/2000
1476,56,O C Smith,,23/7/1999
1477,29,Oasis,,9/4/1979
1478,54,Obernkirchen Children's Choir,,27/6/1977
1479,6,Ocean,,5/2/1960
1480,2,Odyssey,,19/8/1972
1481,76,Of Monsters And Men,,22/8/1993
1482,77,Offspring,,23/3/1991
1483,77,Ofra Haza,,24/12/1966
1484,4,Ohio Express,,25/2/1962
1485,51,Ohio Players,,16/6/1999
1486,71,Oliver,,15/3/1971
1487,22,Olivia Newton-John,,5/6/1971
1488,17,Olivia Newton-John & Electric Light Orchestra,,24/4/1973
1489,68,OMC,,9/9/1994
1490,65,One Direction,,16/2/1979
1491,33,OneRepublic,,5/4/1977
1492,56,Opus,,17/3/1964
1493,1,Oran 'Juice' Jones,,16/11/1977
1494,22,Orchestral Manoeuvres In The Dark,,11/5/1969
1495,53,Original Dixieland Jazz Band,,25/8/1968
1496,78,Otis Redding,,24/4/1998
1497,46,O-Town,,18/4/1990
1498,18,Ottawan,,23/9/1998
1499,64,OutKast,,8/2/1998
1500,61,Outlandish,,23/11/1997
1501,53,Owl City,,16/3/1982
1502,38,Owl City & Carly Rae Jepsen,,7/2/1969
1503,68,Ozark Mountain Daredevils,,14/12/1982
1504,48,O-Zone,,9/2/1977
1505,67,Ozzy Osbourne,,1/3/1974
1506,67,P Diddy,,25/3/1997
1507,17,P Diddy & Faith Evans,,12/7/1972
1508,27,P Diddy & Jimmy Page,,1/5/1991
1509,24,P Diddy & Mase,,4/10/1984
1510,55,P Diddy & Nicole Scherzinger,,8/12/1978
1511,12,P Diddy & R Kelly,,1/11/1969
1512,68,"P Diddy, Usher & Loon",,15/1/1998
1513,77,Pacific Gas & Electric,,11/9/1966
1514,43,Panic! At the Disco,,9/4/1998
1515,34,Panjabi MC,,8/5/1985
1516,29,Paper Lace,,3/4/1961
1517,43,Pappa Bear,,19/1/1980
1518,52,Paramore,,22/2/1997
1519,64,Paris Hilton,,5/1/1965
1520,61,Parliament,,21/11/1964
1521,66,Passenger,,1/1/1967
1522,61,Pat Benatar,,13/5/1971
1523,25,Pat Boone,,3/10/1967
1524,75,Patrick Hernandez,,9/5/1997
1525,61,Patrick Swayze,,6/4/1979
1526,46,Patsy Cline,,17/9/1966
1527,79,Patsy Montana & The Prairie Ramblers,,22/3/1989
1528,8,Patti Austin & James Ingram,,25/8/1991
1529,10,Patti LaBelle,,10/3/1996
1530,54,Patti LaBelle & Michael McDonald,,17/4/1987
1531,69,Patti Page,,21/3/1975
1532,22,Patti Smith & Don Henley,,1/3/1986
1533,43,Patti Smith Group,,25/8/1986
1534,73,Paul & Paula,,21/2/1971
1535,54,Paul Anka,,27/3/1999
1536,69,Paul Hardcastle,,28/8/1978
1537,13,Paul Mauriat & his Orchestra,,11/6/1973
1538,58,Paul McCartney,,4/3/1990
1539,41,Paul McCartney & Michael Jackson,,18/12/2000
1540,39,Paul McCartney & Stevie Wonder,,16/3/1976
1541,62,Paul Revere & the Raiders,,12/5/1974
1542,19,Paul Robeson,,28/10/1969
1543,52,Paul Simon,,12/2/1968
1544,35,Paul Weston,,1/3/1980
1545,71,Paul Whiteman,,12/5/2000
1546,7,Paul Young,,22/10/1960
1547,23,Paula Abdul,,9/1/1964
1548,40,Paula Abdul & The Wild Pair,,6/6/1996
1549,72,Paula Cole,,1/3/1998
1550,37,Peabo Bryson & Roberta Flack,,9/3/1996
1551,79,Peaches & Herb,,25/4/1974
1552,17,Pearl Jam,,18/9/1992
1553,19,Pebbles,,19/12/1966
1554,56,Pee Wee Hunt,,13/3/1965
1555,79,Pee Wee King,,15/2/1992
1556,24,Peggy Lee,,20/4/1977
1557,40,Penny McLean,,13/3/2000
1558,51,Percy Faith,,7/4/1983
1559,58,Percy Sledge,,7/12/1960
1560,68,Perez Prado,,16/9/1994
1561,66,Perry Como,,14/12/1993
1562,74,Perry Como & The Fontane Sisters,,22/8/1998
1563,70,Peter & Gordon,,16/7/1984
1564,80,Peter Andre,,27/12/1985
1565,20,Peter Bjorn & John,,19/1/1993
1566,79,Peter Cetera,,2/8/1978
1567,62,Peter Cetera & Amy Grant,,7/6/1975
1568,42,Peter Cetera & Cher,,6/9/1990
1569,74,Peter Frampton,,3/9/1989
1570,14,Peter Gabriel,,22/4/1968
1571,72,Peter Maffay,,7/2/1984
1572,5,Peter Sarstedt,,9/6/1987
1573,49,Peter Schilling,,16/4/1974
1574,26,"Peter, Paul & Mary",,9/4/1978
1575,61,Petula Clark,,21/2/1991
1576,55,Pharrell Williams,,4/7/1987
1577,41,Phil Collins,,1/11/1990
1578,59,Phil Collins & Marilyn Martin,,24/6/1977
1579,53,Phil Harris,,11/11/1969
1580,75,Phil Phillips,,1/6/1969
1581,71,Philip Bailey & Phil Collins,,28/10/1963
1582,20,Pilot,,21/4/1995
1583,36,Pinetop Smith,,13/4/1974
1584,39,Pink,,12/6/1960
1585,68,Pink & Nate Ruess,,26/1/1970
1586,6,Pink & William Orbit,,26/2/1971
1587,22,Pink Floyd,,7/8/1985
1588,30,Pipkins,,22/9/1970
1589,51,Pitbull,,10/1/1975
1590,72,Pitbull & Ke$ha,,13/1/1965
1591,50,"Pitbull, Ne-Yo, Afrojack & Nayer",,23/11/1960
1592,18,Plain White T's,,26/12/1975
1593,53,Plastic Bertrand,,1/4/1972
1594,11,Player,,5/9/1988
1595,14,PM Dawn,,9/9/1976
1596,58,POD,,4/4/1966
1597,30,Poison,,9/7/1990
1598,16,Pop Tops,,18/12/1965
1599,69,Poppy Family,,24/8/1980
1600,62,Power Station,,27/1/1998
1601,21,Pras Michel,,13/6/1982
1602,58,Prince,,4/6/1968
1603,16,Procol Harum,,6/1/1968
1604,49,Pseudo Echo,,8/1/1995
1605,59,Psy,,15/10/1991
1606,43,Puddle of Mudd,,23/8/1971
1607,58,Pussycat,,1/6/1988
1608,63,Quad City DJs,,20/12/1980
1609,20,Quarterflash,,13/3/1979
1610,67,Queen,,25/1/1972
1611,5,Queen & David Bowie,,25/10/1980
1612,71,Queensryche,,16/11/1999
1613,8,Question Mark & The Mysterians,,23/10/1974
1614,5,R Kelly,,1/6/1968
1615,2,Racey,,6/5/1974
1616,43,Radiohead,,4/11/1964
1617,43,Ralph Tresvant,,6/6/1993
1618,7,Ram Jam,,3/5/1980
1619,69,Ramsey Lewis Trio,,18/10/1964
1620,73,Randy Newman,,25/11/1982
1621,34,Randy Vanwarmer,,27/3/1960
1622,31,Rare Bird,,26/1/1991
1623,25,Rare Earth,,2/6/1967
1624,74,Rasmus,,26/1/1964
1625,71,Ray Anthony,,25/12/1981
1626,80,Ray Charles,,1/6/1977
1627,61,Ray Conniff,,17/8/1999
1628,19,Ray J & Yung Berg,,25/8/1961
1629,2,Ray Noble,,17/10/1973
1630,55,Ray Parker Jr,,4/10/1982
1631,73,Ray Parker Jr & Raydio,,4/7/1993
1632,27,Ray Peterson,,25/11/1992
1633,64,Ray Stevens,,21/7/1998
1634,49,"Ray, Goodman & Brown",,13/9/1990
1635,10,Raydio,,27/2/1967
1636,49,RB Greaves,,20/8/1993
1637,63,Real Life,,17/2/1989
1638,46,Red Foley,,2/9/1991
1639,63,Red Hot Chili Peppers,,11/5/1965
1640,14,Redbone,,27/4/2000
1641,69,Rednex,,27/8/1995
1642,36,Reel 2 Real,,13/1/1992
1643,45,Regina Belle & Peabo Bryson,,22/1/1965
1644,64,REM,,12/8/1988
1645,41,Renee & Renato,,13/4/1983
1646,11,REO Speedwagon,,10/2/1966
1647,56,Rhythm Heritage,,15/9/1968
1648,2,Richard Harris,,9/4/2000
1649,71,Richard Marx,,25/5/1991
1650,31,Richard Sanderson,,13/3/1998
1651,5,Rick Astley,,10/10/1964
1652,19,Rick Dees & his Cast of Idiots,,24/4/1990
1653,51,Rick James,,8/10/1968
1654,69,Rick Springfield,,27/2/1967
1655,64,Rickie Lee Jones,,24/12/1977
1656,58,Ricky Martin,,28/12/1997
1657,44,Ricky Martin & Christina Aguilera,,15/2/1973
1658,51,Ricky Nelson,,10/9/1970
1659,52,Righeira,,5/11/1960
1660,20,Right Said Fred,,14/8/1984
1661,42,Rihanna,,9/11/1970
1662,41,Rihanna & Calvin Harris,,25/4/1968
1663,24,Rihanna & Jay-Z,,26/11/1980
1664,68,Rihanna & Mikky Ekko,,22/1/1994
1665,5,Ringo Starr,,4/10/1978
1666,9,Rita Coolidge,,17/4/2000
1667,67,Rita Ora,,2/4/1984
1668,50,Ritchie Family,,12/11/1967
1669,59,Ritchie Valens,,28/2/1991
1670,36,Rob Thomas,,26/9/1983
1671,62,Rob Thomas & Santana,,14/10/1985
1672,54,Robbie Nevil,,8/8/1971
1673,73,Robbie Williams,,23/8/1969
1674,34,Robbie Williams & Nicole Kidman,,28/4/1961
1675,12,Robert John,,14/7/1967
1676,39,Robert Johnson,,5/8/1970
1677,76,Robert Miles,,6/7/1970
1678,65,Robert Palmer,,10/2/1971
1679,21,Robert Palmer & UB40,,23/9/1965
1680,33,Roberta Flack,,24/9/1971
1681,28,Roberta Flack & Donny Hathaway,,15/7/1987
1682,61,Robin Beck,,27/6/1960
1683,40,Robin Gibb,,14/12/1999
1684,47,Robin S,,8/9/1969
1685,31,"Robin Thicke, T.I. & Pharrell Williams",,21/1/1966
1686,41,Robyn,,24/7/1983
1687,19,Rocco Granata,,23/3/1964
1688,80,Rockwell,,8/6/1989
1689,30,Rocky Burnett,,20/6/1999
1690,56,Rod Stewart,,7/1/1991
1691,10,Roger Miller,,17/9/2000
1692,50,Roger Whittaker,,5/7/1969
1693,2,Roger Williams,,3/12/1984
1694,37,Ronan Keating,,6/12/1990
1695,66,Ronnie Hilton,,13/4/1987
1696,56,Rose Royce,,28/1/1976
1697,33,Rosemary Clooney,,20/7/1977
1698,47,Roxette,,20/3/1971
1699,18,Roxy Music,,10/4/1974
1700,71,Roy Acuff,,22/8/1981
1701,78,Roy Orbison,,8/6/1995
1702,40,Royal Guardsmen,,11/11/1977
1703,13,Rozalla,,25/9/1986
1704,67,Ruby & The Romantics,,9/5/1981
1705,36,Ruby Murray,,21/2/1990
1706,55,Rudy Vallee & his Connecticut Yankees,,1/7/1970
1707,53,Rufus Thomas,,18/6/1982
1708,67,Run DMC & Aerosmith,,10/4/1997
1709,30,Run DMC & Jason Nevins,,5/9/1961
1710,35,Rupert Holmes,,16/4/1979
1711,20,Russ Conway,,24/2/1985
1712,74,Russ Morgan,,11/6/1987
1713,68,Ruth Etting,,22/5/1971
1714,29,Ryan Paris,,10/11/1966
1715,33,S Club 7,,11/4/1993
1716,15,Sabrina,,21/2/1978
1717,74,Sade,,16/9/1988
1718,62,Sailor,,9/12/1960
1719,6,Salt-N-Pepa,,22/6/1971
1720,51,Salt-N-Pepa & En Vogue,,28/7/1979
1721,1,Salvatore Adamo,,12/4/2000
1722,16,Sam & Dave,,24/9/1991
1723,67,Sam Brown,,22/5/1981
1724,9,Sam Cooke,,12/8/1960
1725,16,Sam Smith,,7/4/1973
1726,36,Sam The Sham & The Pharaohs,,6/9/1994
1727,77,Samantha Fox,,7/9/1981
1728,41,Samantha Mumba,,2/7/1975
1729,55,Samantha Sang,,17/2/1967
1730,37,Sammy Davis Jr,,4/9/1976
1731,39,Sammy Kaye,,1/9/1983
1732,53,Sandi Thom,,9/8/1985
1733,78,Sandie Shaw,,21/12/1969
1734,62,Sandra,,1/10/1965
1735,76,Sandy Nelson,,17/4/1983
1736,71,Santa Esmerelda,,1/12/1991
1737,45,Santana,,20/1/1986
1738,14,Santana & Michelle Branch,,9/8/1976
1739,76,Santo & Johnny,,22/5/1990
1740,42,Sara Bareilles,,14/7/1994
1741,26,Sarah Brightman & Andrea Bocelli,,14/4/1962
1742,57,Sarah McLachlan,,25/3/1977
1743,65,Sash!,,18/9/1995
1744,77,Savage Garden,,24/2/1976
1745,30,Scatman John,,25/7/1984
1746,13,Scooter,,14/12/2000
1747,29,Scott McKenzie,,9/3/1995
1748,21,Seal,,19/6/1973
1749,40,Seals & Crofts,,24/3/1974
1750,63,Sean Kingston,,10/4/1969
1751,3,Sean Paul,,12/9/1969
1752,59,Seduction,,23/11/1983
1753,24,Seether & Amy Lee,,26/8/1983
1754,53,September,,11/1/1997
1755,60,Sergio Mendes & The Black Eyed Peas,,24/5/1977
1756,3,S-Express,,17/12/1997
1757,67,Shaggy,,13/9/1999
1758,61,Shaggy & Ricardo 'RikRok' Ducent,,11/12/1972
1759,41,Shai,,18/4/1964
1760,58,Shakespear's Sister,,8/7/1991
1761,30,Shakin' Stevens,,9/7/1979
1762,43,Shakira,,27/10/1964
1763,7,Shakira & Freshly Ground,,4/4/1972
1764,46,Shakira & Wyclef Jean,,5/2/1981
1765,16,Shalamar,,10/7/1986
1766,40,Shamen,,2/5/1980
1767,26,Shania Twain,,5/10/1989
1768,67,Shanice,,20/7/1973
1769,60,Shannon,,20/2/1992
1770,2,Shaun Cassidy,,20/1/1968
1771,16,Shawn Colvin,,8/11/1976
1772,9,Shawn Mullins,,19/1/1972
1773,35,Sheb Wooley,,7/2/1972
1774,54,Sheena Easton,,7/4/1995
1775,68,Sheila E,,3/7/1998
1776,33,Shelley Fabares,,1/9/1962
1777,17,Shep & the Limelites,,14/1/1997
1778,22,Shep Fields & his Rippling Rhythm Orchestra,,3/12/1976
1779,63,Sherbet,,5/1/1989
1780,64,Sheryl Crow,,17/9/1982
1781,43,Shirley & Company,,20/7/1969
1782,35,Shirley Bassey,,7/12/1995
1783,80,Shirley Temple,,24/6/1978
1784,31,Shocking Blue,,18/10/1987
1785,3,Shontelle,,15/9/1970
1786,33,Showaddywaddy,,9/11/1980
1787,7,Silk,,14/1/1982
1788,80,Silvana Mangano,,3/1/1998
1789,56,Silver Convention,,21/10/1993
1790,65,Simon & Garfunkel,,13/1/1990
1791,75,Simple Minds,,21/4/1969
1792,73,Simple Plan,,1/10/1992
1793,76,Simply Red,,24/1/1981
1794,60,Sinead O'Connor,,21/11/1960
1795,70,Singing Nun (Soeur Sourire),,3/12/1972
1796,65,Sir Douglas Quintet,,26/9/1968
1797,55,Sir Mix-a-Lot,,4/8/1962
1798,78,Sisqo,,3/6/1969
1799,14,Sister Sledge,,14/8/1964
1800,78,Sixpence None The Richer,,10/12/1974
1801,69,Skee-Lo,,28/7/1994
1802,53,Skeeter Davis,,19/12/1982
1803,73,Skid Row,,26/11/1972
1804,63,Skyliners,,21/5/1977
1805,12,Slade,,6/3/2000
1806,65,Slim Whitman,,16/1/1995
1807,16,Sly & The Family Stone,,6/11/1961
1808,56,Sly Fox,,27/10/1981
1809,35,Smash Mouth,,28/7/1976
1810,57,Smokey Robinson,,23/7/1975
1811,44,Smokey Robinson & The Miracles,,24/11/1994
1812,54,Smokie,,20/3/1977
1813,20,Snap,,20/9/1972
1814,4,Sniff & The Tears,,17/3/1989
1815,61,Snoop Dogg,,20/1/1994
1816,38,Snoop Dogg & Charlie Wilson & Justin Timberlake,,26/5/1997
1817,38,Snoop Dogg & Pharrell Williams,,18/9/1974
1818,42,Snoop Dogg & Wiz Khalifa & Bruno Mars,,15/4/1997
1819,33,Snow,,11/6/1984
1820,20,Snow Patrol,,12/12/1969
1821,27,Soft Cell,,22/2/1993
1822,15,Sonique,,25/7/1984
1823,54,Sonny & Cher,,19/6/1965
1824,66,Sonny James,,24/1/1995
1825,14,Sophie B Hawkins,,23/2/1969
1826,10,Sophie Ellis-Bextor,,11/11/1999
1827,13,Sophie Tucker,,25/3/1992
1828,18,SOS Band,,14/1/1982
1829,36,Soul Asylum,,27/12/1998
1830,80,Soul For Real,,8/7/1988
1831,46,Soul II Soul,,26/11/1991
1832,4,Soul II Soul & Caron Wheeler,,8/9/1976
1833,78,Soulful Dynamics,,4/8/1971
1834,77,Soulja Boy,,28/9/1996
1835,8,Soundgarden,,28/2/1996
1836,18,Sousa's Band,,19/11/1977
1837,61,Space,,9/2/1965
1838,41,Spandau Ballet,,4/8/1976
1839,5,Spencer Davis Group,,20/11/1997
1840,6,Spice Girls,,10/10/1973
1841,30,Spike Jones,,18/8/1987
1842,52,Spiller & Sophie Ellis-Bextor,,7/10/1972
1843,77,Split Enz,,14/8/1971
1844,21,Stacey Q,,12/7/1979
1845,51,Stacie Orrico,,11/3/1989
1846,31,Staff Sergeant Barry Sadler,,22/8/1986
1847,5,Staind,,9/12/1976
1848,37,Stan Freberg,,28/2/1965
1849,34,Stan Getz & Charlie Byrd,,5/7/1995
1850,74,Stan Getz & Joao Gilberto,,26/11/1987
1851,24,Stan Kenton,,5/4/1960
1852,59,Stardust,,13/12/1971
1853,15,Starland Vocal Band,,19/12/1985
1854,33,Starsound,,17/12/1969
1855,79,Status Quo,,17/10/1999
1856,25,Stealer's Wheel,,28/5/1975
1857,66,Steam,,10/11/1976
1858,76,Steely Dan,,14/8/1966
1859,75,Stephanie Mills,,18/9/1977
1860,79,Steppenwolf,,3/4/1988
1861,73,Steve Harley & Cockney Rebel,,25/10/1972
1862,44,Steve Lawrence,,10/11/1974
1863,21,Steve Miller Band,,5/3/1989
1864,50,Steve Perry,,21/4/1974
1865,7,Steve Winwood,,8/7/1986
1866,1,Stevie B,,4/8/1969
1867,74,Stevie Nicks & Tom Petty,,3/10/2000
1868,57,Stevie Wonder,,18/12/1960
1869,53,Stevie Wonder & The Jackson 5,,12/9/1970
1870,66,Sting,,2/2/1977
1871,44,Sting & Cheb Mami,,11/9/1964
1872,32,Stonewall Jackson,,27/5/1976
1873,19,Stories,,14/9/1970
1874,36,Strawberry Alarm Clock,,16/1/1996
1875,29,String-A-Longs,,19/5/2000
1876,55,Styx,,15/11/1976
1877,48,Sue Thompson,,8/8/1982
1878,16,Suede,,20/2/1995
1879,39,Sugar Ray,,12/10/1980
1880,51,Sugar Ray & Supercat,,28/6/1980
1881,75,Sugarhill Gang,,21/12/1970
1882,68,Sugarloaf,,10/9/1966
1883,24,Supertramp,,12/4/1996
1884,58,Surface,,1/5/1999
1885,43,Survivor,,22/2/1980
1886,27,Sutherland Brothers & Quiver,,11/12/1961
1887,67,Suzanne Vega,,25/8/1982
1888,34,Suzi Quatro,,10/3/1983
1889,41,Sweet Sensation,,9/11/1960
1890,76,Sweetbox,,11/10/1997
1891,6,Swing Out Sister,,5/6/1965
1892,51,Swinging Blue Jeans,,12/10/1974
1893,61,SWV,,24/3/1992
1894,58,Sylvers,,13/9/1978
1895,54,Sylvester,,13/7/1984
1896,77,Sylvia Vanderpool,,23/3/1990
1897,19,T Rex,,8/10/2000
1898,38,t.A.T.u.,,28/7/1986
1899,3,T.I.,,4/4/1969
1900,41,T.I. & Justin Timberlake,,11/2/1970
1901,21,T.I. & Rihanna,,16/8/1984
1902,34,Tab Hunter,,9/9/1967
1903,71,Taco,,6/9/1962
1904,10,Tag Team,,19/2/1991
1905,72,Taio Cruz,,2/10/1982
1906,4,Taio Cruz & Ludacris,,6/10/1991
1907,71,Take That,,6/7/1987
1908,31,Talking Heads,,19/8/2000
1909,21,Tammy Wynette,,17/11/1976
1910,36,Tasmin Archer,,4/2/1984
1911,69,Tavares,,7/8/1981
1912,33,Taylor Dayne,,6/12/1993
1913,22,Taylor Swift,,27/7/1962
1914,26,T-Bone Walker Quintet,,2/8/1999
1915,74,Teach-In,,23/12/1962
1916,43,Tears For Fears,,2/11/1987
1917,36,Technohead,,5/8/1961
1918,35,Technotronic,,12/12/1984
1919,70,Ted Lewis & his Orchestra,,27/10/1980
1920,18,Ted Weems,,20/5/1979
1921,48,Tee Set,,21/12/1990
1922,30,Ten Sharp,,9/9/2000
1923,57,Tennessee Ernie Ford,,10/1/1970
1924,41,Terence Trent D'Arby,,4/1/1992
1925,40,Teresa Brewer,,17/1/1993
1926,24,Terror Squad,,24/12/1996
1927,14,Terry Jacks,,25/10/1982
1928,7,Terry Stafford,,5/11/1999
1929,59,Tevin Campbell,,19/9/1998
1930,51,Tex Williams & The Western Caravan,,14/2/1987
1931,39,Texas,,20/5/1971
1932,17,The Alan Parsons Project,,5/1/1960
1933,14,The Allisons,,8/6/1989
1934,73,The Allman Brothers Band,,7/1/1988
1935,45,The Ames Brothers,,12/8/1989
1936,5,The Andrews Sisters,,21/2/1996
1937,77,The Angels,,1/9/1971
1938,71,The Animals,,20/9/1990
1939,44,The B52s,,7/3/1987
1940,22,The Backstreet Boys,,10/6/1987
1941,36,The Bangles,,13/11/1960
1942,46,The Bay City Rollers,,28/8/1994
1943,40,The Beach Boys,,27/10/1998
1944,76,The Beastie Boys,,8/7/1979
1945,71,The Beatles,,7/8/1976
1946,43,The Black Eyed Peas,,7/3/1964
1947,42,The Boomtown Rats,,13/4/1993
1948,75,The Box Tops,,27/6/1964
1949,4,The Browns,,6/7/1984
1950,6,The Buckinghams,,11/3/1983
1951,12,The Byrds,,18/7/1991
1952,1,The Caesars,,18/2/1987
1953,4,The Calling,,2/10/1987
1954,17,The Cardigans,,15/11/1972
1955,65,The Carpenters,,4/7/1987
1956,23,The Cars,,24/8/1960
1957,2,The Carter Family,,23/4/1965
1958,6,The Chemical Brothers,,17/4/1979
1959,67,The Chiffons,,9/11/1995
1960,26,The Chi-Lites,,5/5/1965
1961,48,The Chordettes,,4/7/1964
1962,32,The Clash,,25/11/1977
1963,3,The Coasters,,17/8/1989
1964,56,The Commodores,,14/8/1989
1965,46,The Communards,,15/5/2000
1966,70,The Corrs,,28/10/1980
1967,48,The Cowsills,,1/7/1968
1968,53,The Cranberries,,5/11/1993
1969,12,The Crew-Cuts,,11/6/1990
1970,78,The Crystals,,18/9/1972
1971,25,The Cure,,11/8/1980
1972,34,The Darkness,,15/1/1976
1973,24,The Del Vikings,,14/7/1968
1974,17,The Delfonics,,10/1/1992
1975,5,The Detroit Spinners,,27/1/1989
1976,20,The Diamonds,,7/10/1976
1977,53,The Dixie Chicks,,14/10/1982
1978,26,The Doobie Brothers,,28/7/1985
1979,45,The Doors,,25/3/1984
1980,5,The Dovells,,22/8/1971
1981,20,The Drifters,,24/8/1969
1982,23,The Easybeats,,22/8/1988
1983,33,The Emotions,,24/9/1989
1984,25,The Equals,,6/11/1980
1985,23,The Escape Club,,26/11/1973
1986,25,The Eurythmics,,6/8/1997
1987,4,The Everly Brothers,,27/7/1978
1988,2,The Fireballs,,25/9/1987
1989,64,The Flamingos,,9/4/1991
1990,46,The Fleetwoods,,19/7/1974
1991,5,The Floaters,,4/12/1961
1992,29,The Flying Pickets,,2/8/1993
1993,11,The Fontane Sisters,,23/7/1993
1994,72,The Foo Fighters,,11/6/1975
1995,34,The Fortunes,,3/10/1983
1996,21,The Foundations,,16/7/1980
1997,44,The Four Knights,,11/3/1997
1998,18,The Four Seasons,,9/12/1964
1999,11,The Four Tops,,17/1/1984
2000,26,The Fray,,23/1/1964
2001,15,The Fugees,,19/4/1966
2002,67,The Game & 50 Cent,,22/9/1967
2003,80,The Gaylords,,11/12/1968
2004,24,The Go Gos,,16/5/1994
2005,78,The Goo Goo Dolls,,27/10/1964
2006,68,The Heights,,22/7/1984
2007,43,The Hollies,,24/1/1973
2008,4,The Honeycombs,,24/5/1971
2009,55,The Honeydrippers,,4/2/1968
2010,63,The Housemartins,,27/10/1984
2011,16,The Human League,,5/4/1997
2012,33,The Imperials,,11/9/1989
2013,2,The Ink Spots,,9/8/1977
2014,25,The Isley Brothers,,5/1/1977
2015,60,The Jackson 5,,20/6/1975
2016,7,"The Jackson 5, Mick Jagger & Michael Jackson",,9/6/1988
2017,35,The Jam,,20/3/1992
2018,15,The Jaynettes,,24/5/1961
2019,54,The Kaiser Chiefs,,16/11/1983
2020,58,The Kalin Twins,,17/1/1996
2021,60,The Killers,,15/1/1973
2022,55,The Kingston Trio,,6/8/1969
2023,27,The Kinks,,6/11/1968
2024,64,The Knack,,17/5/1966
2025,33,The Korgis,,18/9/1994
2026,7,The Left Banke,,9/1/1999
2027,55,The Lemon Pipers,,17/6/1995
2028,21,The Lighthouse Family,,21/6/1977
2029,8,The Mamas & The Papas,,26/2/1963
2030,78,The Manhattans,,27/10/1960
2031,28,The Manic Street Preachers,,17/10/1984
2032,62,The Marbles,,26/1/1984
2033,77,The Marcels,,18/6/1982
2034,58,The Marvelettes,,8/2/1961
2035,1,The McCoys,,7/2/1998
2036,9,The Mills Brothers,,23/6/1998
2037,70,The Mindbenders,,25/6/1979
2038,60,The Miracles,,1/4/1982
2039,62,The Mixtures,,1/6/1998
2040,55,The Monkees,,20/10/1979
2041,48,The Moody Blues,,4/11/1999
2042,31,The Music Explosion,,10/5/1968
2043,10,The New Radicals,,19/10/1994
2044,41,The New Seekers,,22/2/1966
2045,6,The Newbeats,,25/2/1998
2046,34,"The Notorious BIG, P Diddy, Nelly, Jagged Edge & Avery Storm",,18/12/1989
2047,43,The O'Jays,,3/2/1995
2048,46,The Orioles,,26/6/1997
2049,55,The Orlons,,22/11/1995
2050,71,The Osmonds,,12/10/1983
2051,33,The Outhere Brothers,,15/3/1964
2052,36,The Partridge Family,,6/12/1977
2053,49,The Penguins,,8/1/1993
2054,6,The Pet Shop Boys,,18/7/1998
2055,6,The Pied Pipers,,25/9/1962
2056,24,The Platters,,23/12/1991
2057,34,The Pointer Sisters,,12/2/1978
2058,12,The Police,,24/8/1998
2059,69,The Pretenders,,9/2/1994
2060,69,The Proclaimers,,28/3/1992
2061,44,The Prodigy,,16/8/1994
2062,10,The Pussycat Dolls,,28/6/2000
2063,75,The Pussycat Dolls & Will.I.Am,,9/2/1981
2064,53,The Rays,,3/9/1987
2065,60,The Real Thing,,26/6/1965
2066,50,The Rembrandts,,20/5/1968
2067,20,The Righteous Brothers,,4/8/1984
2068,32,The Rolling Stones,,11/12/2000
2069,58,The Romantics,,16/6/1985
2070,62,The Ronettes,,7/4/1978
2071,11,The Rooftop Singers,,10/5/1973
2072,40,The Royal Philharmonic Orchestra,,10/3/1999
2073,70,The Royal Scots Dragoon Guards,,1/2/1996
2074,24,The Rubettes,,16/3/1985
2075,22,The Sandpipers,,6/6/1969
2076,9,The Scaffold,,5/7/1988
2077,63,The Scissor Sisters,,7/12/1968
2078,12,The Scorpions,,26/6/1989
2079,4,The Script,,23/5/1983
2080,67,The Script & will.i.am,,28/3/1990
2081,44,The Searchers,,16/6/1982
2082,37,The Seekers,,16/10/1992
2083,57,The Sex Pistols,,23/6/1995
2084,2,The Shadows,,27/4/1981
2085,64,The Shangri-Las,,18/5/1968
2086,4,The Shirelles,,20/2/1989
2087,33,The Silhouettes,,4/11/1974
2088,40,The Simpsons,,7/3/1967
2089,9,The Small Faces,,6/7/1975
2090,65,The Smashing Pumpkins,,25/5/2000
2091,9,The Smurfs,,4/2/2000
2092,58,The Song Spinners,,23/10/1981
2093,45,The Sons of the Pioneers,,16/9/1960
2094,23,The Specials,,25/3/1972
2095,12,The Spin Doctors,,22/2/1986
2096,35,The Staple Singers,,9/12/1978
2097,12,The Stray Cats,,26/7/1997
2098,31,The Streets,,1/10/1991
2099,17,The Stylistics,,1/10/1999
2100,13,The Sugababes,,19/8/1994
2101,18,The Supremes,,27/12/1985
2102,31,The Surfaris,,21/12/1975
2103,74,The Sweet,,7/2/1993
2104,6,The Teddy Bears,,20/9/1971
2105,72,The Temptations,,6/3/1961
2106,44,The Thompson Twins,,23/4/1981
2107,67,The Three Degrees,,13/4/1972
2108,70,The Ting Tings,,11/10/1996
2109,60,The Tokens,,20/10/1969
2110,7,The Tornados,,16/1/1975
2111,41,The Toys,,27/1/1979
2112,5,The Trammps,,12/4/1969
2113,71,The Tremeloes,,5/10/2000
2114,12,The Troggs,,19/7/1983
2115,57,The Turtles,,24/3/1990
2116,72,The Tymes,,14/10/1967
2117,14,The Undisputed Truth,,16/10/1996
2118,44,The Vapors,,18/10/1990
2119,42,The Vengaboys,,6/12/1961
2120,10,The Ventures,,14/1/1968
2121,56,The Veronicas,,1/8/1966
2122,64,The Verve,,17/3/1987
2123,45,The Village People,,10/5/1999
2124,48,The Walker Brothers,,4/6/1966
2125,52,The Wallflowers,,27/7/1973
2126,29,The Wanted,,14/12/1966
2127,43,The Weather Girls,,27/10/1967
2128,26,The Weavers,,11/7/1992
2129,20,The Whispers,,9/2/1989
2130,34,The White Stripes,,11/9/1993
2131,45,The Who,,22/2/1963
2132,20,The Yardbirds,,28/4/1969
2133,43,The Young Rascals,,9/11/1990
2134,70,The Zombies,,4/1/1972
2135,5,Thelma Houston,,7/4/1981
2136,58,Thin Lizzy,,3/4/1979
2137,28,Third Eye Blind,,3/2/2000
2138,36,Thomas Dolby,,2/3/1990
2139,47,Three Dog Night,,15/3/1996
2140,39,Three Doors Down,,9/4/1990
2141,28,Tiffany,,2/6/1990
2142,63,Tight Fit,,16/9/1966
2143,47,Timbaland & Katy Perry,,2/2/1986
2144,14,Timbaland & Keri Hilson,,8/2/1971
2145,13,Timbaland & Nelly Furtado & Justin Timberlake,,24/5/1992
2146,66,Timbaland & OneRepublic,,6/10/1981
2147,2,Timex Social Club,,14/8/2000
2148,80,Timi Yuro,,13/11/1965
2149,29,Timmy T,,10/1/1965
2150,38,Timmy Thomas,,17/5/1981
2151,78,Tina Arena,,26/7/1961
2152,34,Tina Charles,,13/2/1985
2153,76,Tina Turner,,15/2/1984
2154,71,Tinie Tempah & Eric Turner,,2/12/1980
2155,24,Tiziano Ferro,,25/6/1973
2156,76,TLC,,5/3/1999
2157,11,Todd Rundgren,,17/9/1993
2158,53,Tom Cochrane,,15/2/1979
2159,77,Tom Jones,,8/6/1962
2160,80,Tom Jones & Art of Noise,,27/9/1986
2161,10,Tom Jones & Mousse T,,10/5/1967
2162,23,Tom Petty & The Heartbreakers,,2/4/1973
2163,65,Tommy Dorsey,,19/5/1966
2164,42,Tommy Dorsey & Frank Sinatra,,27/9/1980
2165,53,Tommy Edwards,,7/9/1989
2166,57,Tommy James & the Shondells,,3/3/1979
2167,1,Tommy Page,,20/1/1991
2168,74,Tommy Roe,,25/11/1965
2169,51,Tommy Steele,,3/12/1983
2170,8,Tone Loc,,20/9/1962
2171,74,Toni Basil,,28/6/1996
2172,68,Toni Braxton,,16/1/1963
2173,41,Tony Bennett,,13/1/1982
2174,18,Tony Christie,,17/2/1960
2175,28,Tony Martin,,26/11/1983
2176,38,Tony Orlando & Dawn,,16/4/1975
2177,67,Tony Rich Project,,12/4/2000
2178,51,Tony! Toni! Tone!,,3/11/2000
2179,80,Tori Amos,,6/11/1976
2180,9,Toto,,16/10/1962
2181,25,T-Pain,,24/1/1982
2182,4,T'Pau,,28/5/1982
2183,1,Tracey Ullman,,12/2/1974
2184,54,Tracy Chapman,,21/12/2000
2185,6,Train,,28/12/1968
2186,32,Travie McCoy & Bruno Mars,,28/8/1970
2187,80,Travis,,18/12/1991
2188,37,Trini Lopez,,25/4/1973
2189,2,Trio,,12/6/1976
2190,17,Truth Hurts,,19/10/1963
2191,34,Twista,,13/9/1962
2192,73,Typically Tropical,,27/1/1963
2193,43,U2,,27/1/1962
2194,36,U2 & Green Day,,9/5/1990
2195,58,UB40,,24/11/1967
2196,80,UB40 & Chrissie Hynde,,20/2/1969
2197,67,Ugly Kid Joe,,18/12/1991
2198,25,Ultra Nate,,3/8/1971
2199,59,Ultravox,,5/3/1992
2200,12,Umberto Tozzi,,26/8/1976
2201,25,Uncle Kracker,,13/9/1978
2202,34,Underworld,,5/12/1972
2203,80,US3,,18/10/1972
2204,80,USA For Africa,,13/7/1990
2205,17,Usher,,3/10/1966
2206,33,Usher & Alicia Keys,,24/2/1968
2207,70,Usher & Pitbull,,2/9/1977
2208,33,Usher & will.i.am,,12/3/1985
2209,74,Usher & Young Jeezy,,9/12/1995
2210,76,Van & Schenck,,16/1/1960
2211,68,Van Halen,,22/7/1975
2212,56,Van McCoy,,25/6/1986
2213,56,Van Morrison,,10/8/1975
2214,44,Vanessa Carlton,,14/11/1969
2215,40,Vanessa Williams,,3/5/1996
2216,47,Vangelis,,28/7/1965
2217,11,Vanilla Ice,,28/3/1961
2218,35,Various Artists,,18/8/1984
2219,51,Vaughn Monroe,,20/10/2000
2220,41,Vera Lynn,,22/3/1982
2221,50,Vernon Dalhart,,9/8/1969
2222,59,Vertical Horizon,,12/1/1961
2223,65,Vic Damone,,24/6/1973
2224,75,Vicki Lawrence,,21/7/1967
2225,75,Vicki Sue Robinson,,16/9/1972
2226,43,Vicky Leandros,,6/4/1989
2227,10,Vikki Carr,,19/4/1963
2228,59,Visage,,24/7/1970
2229,11,Waldo De Los Rios,,21/8/1981
2230,72,Walter Murphy & The Big Apple Band,,20/5/1979
2231,63,Wang Chung,,3/7/1975
2232,28,War,,19/12/1985
2233,39,Warrant,,16/2/1992
2234,19,Warren G,,4/2/1969
2235,57,Warren G & Adina Howard,,15/3/1963
2236,45,Warren G & Nate Dogg,,16/1/1975
2237,65,Wayne Fontana & The Mindbenders,,12/3/1977
2238,31,Wayne King,,9/1/1977
2239,61,Wayne Newton,,24/2/1962
2240,26,Wayne Wonder,,24/8/1987
2241,12,Weezer,,11/4/1991
2242,11,Wes,,13/4/1966
2243,42,Westlife,,21/8/1985
2244,29,Wet Wet Wet,,6/5/1987
2245,52,Wham!,,19/7/2000
2246,70,Wheatus,,7/8/1963
2247,24,Whigfield,,4/9/1973
2248,9,Whistling Jack Smith,,6/11/1960
2249,5,White Plains,,6/6/1987
2250,18,White Town,,28/12/1982
2251,3,Whitesnake,,11/2/1982
2252,7,Whitney Houston,,11/4/1994
2253,4,Whitney Houston & Enrique Iglesias,,1/7/1994
2254,28,Whitney Houston & Faith Evans & Kelly Price,,28/12/2000
2255,38,Wilbert Harrison,,6/7/1979
2256,40,Wild Cherry,,3/11/1975
2257,62,Will Glahe & his Orchestra,,7/8/1962
2258,74,Will Smith,,19/11/1999
2259,73,Will To Power,,14/10/1979
2260,11,will.i.am & Britney Spears,,10/2/1981
2261,5,Willie Nelson,,3/8/1999
2262,35,Wilson Phillips,,16/1/1987
2263,59,Wilson Pickett,,6/8/1994
2264,70,Wings,,17/3/1988
2265,59,Wiz Khalifa,,11/9/1995
2266,66,Wizzard,,15/11/1995
2267,51,Womack & Womack,,18/6/1978
2268,55,Woody Guthrie,,26/4/2000
2269,54,Woody Herman,,17/2/1978
2270,32,Wreckx-N-Effect,,26/3/1983
2271,17,Wyclef Jean & Akon & Lil' Wayne,,11/1/1984
2272,63,Wyclef Jean & Claudette Ortiz,,19/7/1987
2273,38,Wynonie Harris,,10/7/1978
2274,56,Xavier Cugat,,2/12/1972
2275,54,Xscape,,8/5/1999
2276,20,Yazoo,,19/6/1969
2277,50,Yazz & The Plastic Population,,11/11/1962
2278,22,Yello,,18/7/1989
2279,77,Yes,,16/2/1965
2280,12,Yolanda Be Cool & DCup,,28/1/1965
2281,42,Young MC,,13/9/1966
2282,72,Youngbloods,,6/1/1976
2283,62,Youssou N'Dour & Neneh Cherry,,16/10/1993
2284,12,Yvonne Elliman,,7/10/1993
2285,70,Zager & Evans,,20/3/1999
2286,35,Zhane,,24/7/1980
2287,4,Zucchero Fornaciari & Paul Young,,20/7/1995
2288,34,ZZ Top,,27/10/1971
